Wins,QB:Comp%,QB:Pass Yds,QB:Pass TD,QB:Int,QB:First Down,QB:Adj Yds/att,Pass Yds/comp,QB:Pass Yds/g,QB:Sacked,QB:Sacked/g,GWD,RB:Rush Yds,RB:Rush TD,RB:First Down,RB:Yds/rush,RB:Fumbles,WR1:Catch%,WR1:Rec Yds,WR1:Rec TD,WR1:First Downs,WR1:Yds/rec,WR1:Yds/tgt,WR1:Fumbles,WR2:Catch%,WR2:Rec Yds,WR2:Rec TD,WR2:First Downs,WR2:Yds/rec,WR2:Yds/tgt,WR2:Fumbles,WR3:Catch%,WR3:Rec Yds,WR3:Rec TD,WR3:First Downs,WR3:Yds/rec,WR3:Yds/tgt,WR3:Fumbles,TE:Catch%,TE:Rec Yds,TE:Rec TD,TE:First Downs,TE:Yds/rec,TE:Yds/tgt,TE:Fumbles,OL:Sacked,OL:Sacked/g,OL:Yds/rush,DL:Blitzes,DL:Blitz%,DL:Hurries,DL:Hurry%,DL:Knockdowns,DL:Knockdown%,DL:Sacks,DL:Pressures,DL:Pressure%,LB:Total Yds,LB:Points,LB:Yds/play,LB:FF,LB:Pass Yds/att,LB:Rush Yds,LB:Rush TD,LB:Yds/rush,LB:Penalties,LB:Penalty Yds,DB:Pass Comp,DB:Pass Yds,DB:Pass TD,DB:Int,DB:Pass Net Yds/att,DB:Pass FD,DB:Turnovers,DB:Penalties,DB:Penalty Yards,DB:Turnover%,DB:Total Yds,DB:Points
9,69.2,3787,24,10,172,7.9,11.4,270.5,31,6.1,1,752,15,53,3.7,2,74.8,982,5,44,12.8,9.5,0,58.7,848,3,37,15.7,9.2,0,65.6,572,8,32,13.6,8.9,0,94.1,193,1,9,12.1,11.4,0,31,6.1,3.7,220,35.2,61,9.8,60.0,10.7,41,162,25.9,5597,366,5.4,14,6.1,1952,10,4.6,100,896,367,3645,30,13,6.1,192,27,100,896,15.3,5597,366
7,67.0,3968,20,12,195,6.8,10.6,233.4,40,6.7,4,618,6,29,4.0,2,70.2,770,4,37,11.7,8.2,2,58.5,406,3,22,13.1,7.7,0,59.6,281,2,16,9.1,5.4,0,61.8,1026,1,43,15.1,9.3,0,40,6.7,4.0,154,24.5,48,7.6,39.0,6.8,18,105,16.7,6194,459,5.6,8,6.6,2242,19,4.3,118,956,391,3952,31,12,6.6,214,20,118,956,11.2,6194,459
7,64.4,2882,16,13,135,6.9,11.7,240.2,38,9.0,4,767,2,48,5.8,6,62.3,1008,6,41,11.1,6.9,3,67.6,515,1,29,11.2,7.6,0,55.1,394,1,17,14.6,8.0,1,69.9,1361,9,75,12.7,8.9,1,38,9.0,5.8,209,31.1,58,8.6,62.0,10.0,34,154,23.0,6178,392,6.0,6,7.2,1436,13,3.8,98,882,397,4742,31,9,7.2,232,15,98,882,7.9,6178,392
11,63.3,4407,36,15,234,6.9,10.8,259.2,26,3.9,0,870,7,44,4.6,5,62.8,1225,10,66,11.9,7.5,1,73.2,693,1,34,8.5,6.2,1,58.3,626,4,31,14.9,8.7,0,69.0,587,9,31,12.0,8.3,0,26,3.9,4.6,170,28.1,93,15.4,51.0,9.6,42,186,30.8,4637,289,4.6,11,4.8,1866,19,4.2,102,844,297,2771,12,19,4.8,138,30,102,844,14.5,4637,289
4,59.9,2527,9,13,123,5.2,10.4,210.6,35,7.9,0,612,5,36,3.6,1,57.1,1157,4,60,12.4,7.1,1,48.2,519,5,27,9.8,4.7,0,72.0,250,1,10,13.9,10.0,0,60.0,188,0,6,10.4,6.3,0,35,7.9,3.6,192,33.7,62,10.9,48.0,9.3,39,149,26.1,5201,404,5.1,7,5.9,1935,16,4.1,108,896,337,3266,26,9,5.9,170,16,108,896,8.1,5201,404
2,58.9,1870,7,10,83,5.8,11.8,155.8,36,11.8,0,849,7,55,3.8,1,57.9,1055,4,49,13.0,7.5,0,57.6,410,1,22,10.8,6.2,0,68.4,329,1,18,12.7,8.7,1,64.5,612,0,29,10.2,6.6,0,36,11.8,3.8,123,22.6,46,8.4,31.0,6.5,49,126,23.1,5384,407,5.3,8,6.2,2127,14,4.4,93,856,314,3257,31,8,6.2,170,16,93,856,8.4,5384,407
10,70.4,4611,34,14,202,9.0,12.6,288.2,51,8.9,3,1205,13,60,4.1,2,63.3,1455,13,56,18.0,11.4,2,67.3,1091,6,53,14.7,9.9,1,71.3,828,5,37,12.4,8.8,1,77.8,493,5,24,10.1,7.8,0,51,8.9,4.1,173,25.0,75,10.8,53.0,8.5,42,170,24.5,5964,376,5.5,8,6.3,1742,15,4.3,116,946,420,4222,26,13,6.3,213,21,116,946,11.1,5964,376
6,60.5,3010,17,13,143,6.6,11.9,215.0,43,9.3,0,1259,8,61,5.5,2,58.6,597,3,26,17.6,10.3,2,59.8,570,2,30,11.0,6.6,3,51.1,275,1,16,11.5,5.9,0,67.9,475,4,17,13.2,9.0,0,43,9.3,5.5,141,22.1,59,9.3,53.0,9.2,43,155,24.3,5296,371,5.0,6,5.6,1857,13,4.2,98,882,367,3439,29,13,5.6,184,19,98,882,9.9,5296,371
11,68.8,4449,37,10,227,8.0,10.9,278.1,30,4.8,2,1002,10,55,4.2,1,65.8,1102,6,54,13.9,9.2,0,65.4,865,8,45,12.7,8.3,1,73.8,602,6,27,13.4,9.9,3,75.0,808,8,43,10.4,7.8,0,30,4.8,4.2,198,29.1,79,11.6,68.0,11.1,41,188,27.6,5967,358,5.5,8,6.2,1918,13,4.5,121,973,364,4049,24,26,6.2,191,34,121,973,16.7,5967,358
7,66.9,3052,18,7,146,7.3,10.7,218.0,31,6.8,1,918,8,48,4.5,3,59.2,776,2,35,13.4,7.9,0,62.4,734,5,39,13.8,8.6,0,67.9,467,0,22,12.3,8.3,1,75.6,670,4,29,9.9,7.4,0,31,6.8,4.5,160,25.3,83,13.1,45.0,8.0,36,164,25.9,5544,322,5.3,6,6.1,1892,9,4.3,104,922,341,3652,22,13,6.1,192,19,104,922,10.7,5544,322
3,67.2,3245,19,8,162,6.6,9.8,231.8,35,6.6,2,617,5,28,4.1,2,75.6,912,5,48,10.1,7.7,0,67.6,576,4,28,12.0,8.1,0,68.2,204,2,9,13.6,9.3,0,72.6,583,4,32,9.6,6.9,0,35,6.6,4.1,165,27.3,65,10.7,29.0,5.3,30,124,20.5,6456,467,5.9,8,7.2,2296,19,4.4,87,818,359,4160,31,11,7.2,211,19,87,818,10.6,6456,467
13,68.9,4115,37,4,213,8.8,11.2,257.2,30,5.3,2,803,5,50,4.3,2,72.8,1553,11,84,12.6,9.2,0,66.7,513,8,28,12.8,8.6,0,47.3,430,3,18,16.5,7.8,0,75.8,245,2,9,9.8,7.4,0,30,5.3,4.3,152,22.2,77,11.3,51.0,8.5,39,167,24.4,5579,371,5.4,8,5.8,1855,13,4.7,88,718,379,3724,31,18,5.8,194,26,88,718,14.0,5579,371
2,66.8,2664,16,10,118,6.4,10.1,204.9,31,7.3,0,427,3,30,3.5,1,67.2,1037,6,45,11.5,7.7,0,55.0,446,1,22,13.5,7.4,0,59.5,323,2,15,14.7,8.7,1,72.7,214,0,11,8.9,6.5,2,31,7.3,3.5,117,19.5,53,8.8,39.0,7.1,32,124,20.7,6535,452,5.9,8,7.1,2418,25,4.6,89,790,363,4117,27,17,7.1,218,25,89,790,12.2,6535,452
9,62.4,3563,27,7,165,7.3,11.1,209.6,32,5.8,0,1811,18,107,5.5,4,68.2,1082,6,54,12.3,8.4,1,55.1,384,3,16,10.1,5.6,1,62.2,331,3,15,14.4,8.9,0,53.3,316,4,14,13.2,7.0,1,32,5.8,5.5,134,20.2,37,5.6,50.0,8.4,33,120,18.1,5834,365,5.6,14,6.3,1854,10,4.4,109,978,390,3980,32,19,6.3,213,33,109,978,17.1,5834,365
3,59.6,3641,12,17,177,5.2,10.1,214.2,32,5.0,2,767,8,41,4.7,4,60.8,832,4,42,11.4,6.9,0,63.0,619,0,30,9.8,6.2,1,64.7,434,1,22,13.2,8.5,0,70.6,244,0,10,10.2,7.2,0,32,5.0,4.7,190,31.5,65,10.8,49.0,9.0,32,146,24.2,6002,457,5.6,2,6.7,2127,22,4.3,104,879,377,3875,24,7,6.7,198,9,104,879,5.2,6002,457
12,66.3,4839,37,13,260,7.6,11.1,284.6,28,4.1,3,558,6,40,3.9,0,69.8,1239,9,75,11.2,7.8,2,71.1,693,2,33,11.7,8.3,3,70.0,568,5,32,13.5,9.5,2,68.7,1125,9,63,12.2,8.4,1,28,4.1,3.9,226,33.5,88,13.0,59.0,9.7,31,178,26.4,6272,364,5.9,14,6.7,1999,15,4.8,116,911,401,4273,27,15,6.7,209,29,116,911,16.0,6272,364
10,68.4,4804,23,14,217,7.4,11.2,282.6,40,6.0,6,872,9,45,4.0,2,80.5,1038,9,51,10.1,8.1,5,57.6,571,3,26,16.8,9.7,1,67.1,546,1,29,11.6,7.8,1,59.1,665,2,31,12.1,7.2,0,40,6.0,4.0,83,12.3,62,9.2,68.0,11.2,35,165,24.4,5732,439,5.2,9,5.9,1943,18,4.2,99,1021,400,3789,29,6,5.9,202,15,99,1021,7.3,5732,439
9,65.9,5014,38,15,256,7.6,11.3,294.9,31,4.4,5,911,12,53,4.4,4,58.9,1146,9,51,15.1,8.9,0,67.5,1138,6,66,10.7,7.2,1,64.6,448,3,21,14.5,9.3,1,57.8,564,4,31,11.8,6.8,0,31,4.4,4.4,157,25.1,68,10.9,53.0,9.5,35,156,25.0,6122,459,5.6,10,6.3,2361,22,4.6,99,835,357,3761,27,11,6.3,199,21,99,835,11.2,6122,459
12,67.2,4886,41,17,233,8.2,12.1,287.4,30,4.8,4,845,4,49,4.1,1,75.9,1947,16,89,13.4,10.2,0,56.2,802,6,32,16.0,9.0,0,65.2,556,4,34,12.4,8.1,0,71.8,560,5,33,9.2,6.6,1,30,4.8,4.1,239,33.8,74,10.5,37.0,5.9,50,161,22.8,5863,372,5.2,6,6.1,1754,18,4.0,88,688,416,4109,17,19,6.1,214,25,88,688,13.3,5863,372
7,67.8,2653,16,10,137,6.5,10.1,204.1,20,4.9,2,612,3,25,3.5,2,74.3,1015,6,59,9.8,7.3,2,54.8,515,2,29,12.9,7.1,0,50.0,223,4,11,15.9,8.0,0,65.2,780,2,39,10.7,7.0,0,20,4.9,3.5,268,39.6,68,10.0,77.0,12.7,48,193,28.5,5738,373,5.3,12,5.9,1867,16,4.4,109,991,373,3871,23,14,5.9,199,26,109,991,13.0,5738,373
8,66.3,4221,33,7,192,8.1,11.3,263.8,28,4.8,4,1159,6,57,4.7,3,64.7,1616,10,75,15.0,9.7,1,70.5,726,10,37,10.8,7.6,1,61.0,655,7,26,13.1,8.0,0,70.1,593,3,26,9.7,6.8,1,28,4.8,4.7,186,26.1,91,12.7,45.0,7.2,51,187,26.2,6522,426,5.7,8,6.4,2222,15,4.7,93,786,401,4300,29,16,6.4,224,24,93,786,11.9,6522,426
10,67.6,3801,22,13,177,7.0,10.8,223.6,28,5.1,1,929,15,55,4.6,2,65.9,866,2,42,10.4,6.9,1,78.6,800,5,27,14.5,11.4,1,57.8,473,3,23,12.8,7.4,0,66.7,603,9,34,12.1,8.0,0,28,5.1,4.6,147,24.5,75,12.5,43.0,8.0,36,154,25.6,5284,303,5.1,7,5.5,2103,9,4.5,100,831,319,3181,21,23,5.5,176,30,100,831,16.9,5284,303
5,59.0,1170,14,3,56,8.2,12.3,167.1,11,6.4,1,898,4,42,3.7,0,54.8,698,6,32,15.2,8.3,0,61.0,570,3,23,15.8,9.7,2,64.0,377,3,18,11.8,7.5,1,62.8,263,2,13,9.7,6.1,1,11,6.4,3.7,148,22.0,56,8.3,64.0,10.8,46,166,24.7,5410,335,5.1,7,6.0,1589,12,3.7,89,761,369,3821,20,18,6.0,185,25,89,761,12.8,5410,335
4,64.3,2428,10,7,116,6.4,10.5,220.7,22,5.7,1,593,2,27,3.7,2,48.7,521,0,27,14.1,6.9,0,68.4,420,0,21,10.8,7.4,0,67.9,366,1,19,10.2,6.9,0,63.0,408,3,21,8.9,5.6,1,22,5.7,3.7,167,25.0,59,8.8,41.0,6.7,34,134,20.1,6032,416,5.3,7,6.0,2193,15,4.5,107,814,402,3839,27,15,6.0,216,22,107,814,12.0,6032,416
3,55.6,2334,9,11,112,5.3,11.0,179.5,44,10.3,1,639,4,29,4.3,1,55.8,538,5,24,12.5,7.0,0,57.6,492,4,23,14.5,8.3,2,54.9,449,1,20,16.0,8.8,0,64.3,261,2,14,9.7,6.2,1,44,10.3,4.3,160,24.8,55,8.5,50.0,8.5,33,138,21.4,6760,504,5.9,7,7.1,2351,28,4.5,84,814,401,4409,28,7,7.1,234,14,84,814,7.4,6760,504
8,61.3,3144,16,9,143,7.1,11.9,209.6,26,5.7,2,784,10,56,5.6,9,61.5,916,5,43,14.3,8.8,1,69.4,647,1,25,15.0,10.4,0,57.9,299,2,13,9.1,5.2,2,73.7,830,4,42,14.8,10.9,1,26,5.7,5.6,112,17.4,75,11.6,51.0,8.7,29,155,24.0,5590,385,5.2,4,6.1,1834,18,4.0,92,824,409,3756,28,12,6.1,208,16,92,824,8.9,5590,385
9,64.5,3740,22,10,188,6.2,9.6,233.8,38,5.9,7,1200,7,62,3.9,0,63.3,1161,8,59,10.9,6.9,2,56.2,860,2,35,14.6,8.2,0,54.5,285,2,9,11.9,6.5,0,75.9,497,7,34,8.3,6.3,1,38,5.9,3.9,176,27.0,71,10.9,44.0,7.8,55,170,26.1,6139,398,5.5,9,5.9,2483,17,5.0,123,1017,355,3656,24,13,5.9,186,22,123,1017,10.8,6139,398
9,68.3,3810,20,12,172,8.3,12.7,254.0,29,6.2,3,963,5,47,4.7,0,63.6,1405,6,51,18.2,11.6,4,66.7,826,5,37,14.8,9.8,2,63.2,282,5,15,11.8,7.4,1,75.5,910,6,42,12.8,9.7,2,29,6.2,4.7,143,22.8,51,8.1,52.0,9.5,48,151,24.1,5270,365,5.1,11,5.9,1760,17,4.0,94,793,372,3510,25,9,5.9,180,20,94,793,9.3,5270,365
6,64.8,3113,25,6,135,8.4,12.0,222.4,33,7.6,1,749,6,28,6.3,0,68.2,1175,8,41,16.1,11.0,0,58.1,967,12,48,12.9,7.5,1,62.5,343,4,12,13.7,8.6,1,76.2,478,4,26,10.0,7.6,2,33,7.6,6.3,161,22.4,75,10.4,50.0,7.6,34,159,22.1,6445,366,5.4,7,6.5,1932,16,3.8,96,919,443,4513,24,11,6.5,240,18,96,919,8.5,6445,366
13,67.5,5316,43,12,269,7.8,11.0,312.7,22,3.0,5,812,8,45,4.5,1,77.2,1103,5,55,11.3,8.7,2,64.9,1035,14,56,14.0,9.1,0,67.7,545,4,29,13.0,8.8,0,61.8,802,6,34,14.6,9.0,0,22,3.0,4.5,348,45.4,95,12.4,77.0,11.3,47,219,28.6,5635,353,5.2,12,5.6,1573,11,4.3,79,635,445,4062,26,17,5.6,214,29,79,635,14.7,5635,353
12,67.2,3734,21,14,192,6.6,10.5,219.6,47,8.1,4,937,10,49,4.3,1,60.0,869,5,45,13.8,8.3,0,66.7,476,4,23,12.5,8.4,1,64.6,434,1,19,14.0,9.0,0,77.5,210,3,12,6.8,5.3,0,47,8.1,4.3,150,21.3,79,11.2,47.0,7.5,43,169,24.0,5607,354,5.4,6,6.2,1438,14,3.9,118,1070,395,4169,24,16,6.2,204,22,118,1070,10.8,5607,354
7,65.0,3419,20,15,167,6.4,10.7,213.7,38,7.1,4,1037,7,65,4.0,6,59.2,1053,5,47,13.7,8.1,0,81.1,397,2,15,9.2,7.5,0,66.1,383,0,23,9.3,6.2,0,61.2,271,2,14,9.0,5.5,0,38,7.1,4.0,206,31.0,68,10.2,55.0,9.2,38,161,24.2,6108,434,5.7,8,6.8,1775,14,4.1,96,803,400,4333,34,11,6.8,220,19,96,803,10.7,6108,434
3,66.4,2368,14,7,119,6.0,9.1,215.3,25,6.0,1,782,7,48,4.3,3,66.7,717,3,35,11.2,7.5,2,62.6,709,3,33,10.6,6.6,1,81.3,467,2,19,9.0,7.3,1,68.1,406,4,24,8.6,5.9,0,25,6.0,4.3,225,34.5,48,7.4,63.0,10.6,36,147,22.5,5931,449,5.5,9,6.2,2016,21,4.5,94,757,414,3915,29,11,6.2,218,20,94,757,10.5,5931,449
5,61.3,2219,15,9,111,7.0,12.1,170.7,28,8.5,3,1035,3,53,4.9,0,61.5,866,4,48,12.0,7.4,3,65.6,533,3,25,13.3,8.7,1,56.5,268,2,9,20.6,11.7,0,47.5,356,2,20,12.7,6.0,0,28,8.5,4.9,98,16.3,23,3.8,44.0,7.8,21,88,14.6,6156,386,5.7,7,6.8,2214,15,4.4,100,804,372,3942,26,10,6.8,200,17,100,804,10.0,6156,386
8,62.3,2242,17,7,105,7.0,11.0,186.8,26,7.4,2,764,3,47,6.8,5,64.0,458,2,23,9.5,6.1,2,75.5,407,3,19,11.0,8.3,1,53.6,285,2,7,19.0,10.2,1,64.6,847,5,48,11.6,7.5,1,26,7.4,6.8,142,21.3,42,6.3,38.0,6.4,48,128,19.2,5513,315,5.3,11,6.2,1566,11,3.9,79,650,394,3947,20,14,6.2,206,25,79,650,13.9,5513,315
13,63.3,4283,35,14,214,7.7,11.9,267.7,33,5.5,4,819,5,43,4.6,3,70.1,1429,11,74,13.2,9.3,1,51.6,836,7,35,17.4,9.0,1,64.6,423,4,27,10.1,6.5,0,73.8,517,6,25,10.8,8.0,0,33,5.5,4.6,124,19.4,46,7.2,56.0,9.8,40,142,22.2,5106,286,5.1,10,5.6,1673,10,4.3,89,754,362,3433,21,17,5.6,181,27,89,754,14.3,5106,286
4,58.6,1143,7,3,57,8.2,13.9,190.5,10,6.7,1,914,5,45,4.5,1,53.4,888,7,44,14.1,7.5,0,59.6,490,1,24,17.5,10.4,2,53.7,296,2,14,13.5,7.2,4,70.0,197,0,8,9.4,6.6,0,10,6.7,4.5,186,29.2,41,6.4,50.0,8.6,35,126,19.8,5953,374,5.4,7,6.3,2085,17,4.3,105,866,383,3868,25,10,6.3,194,17,105,866,8.3,5953,374
3,60.4,2242,17,11,91,6.6,11.7,149.5,55,14.7,2,1143,8,65,7.1,16,65.6,493,2,20,12.3,8.1,0,55.3,323,1,14,15.4,8.5,1,46.3,245,3,9,12.9,6.0,1,72.5,544,7,27,10.9,7.9,1,55,14.7,7.1,97,18.2,45,8.4,20.0,4.2,20,85,15.9,6390,463,6.1,9,7.4,2674,31,4.9,84,647,323,3716,22,14,7.4,184,23,84,647,11.9,6390,463
12,68.3,4475,35,12,222,7.6,10.8,279.7,41,6.3,4,814,7,47,3.9,0,64.9,1046,9,58,12.0,7.8,2,67.9,1029,7,47,13.9,9.4,0,70.7,762,5,42,13.1,9.3,0,76.5,414,2,26,8.0,6.1,0,41,6.3,3.9,124,20.4,38,6.3,68.0,12.2,30,136,22.4,5371,322,5.4,11,6.2,1706,12,4.2,100,832,329,3665,17,13,6.2,173,24,100,832,13.1,5371,322
4,64.0,2608,12,6,129,7.0,11.1,163.0,24,6.1,2,1525,12,69,5.0,1,59.1,1160,9,61,14.9,8.8,0,63.5,839,3,33,13.8,8.7,1,68.6,214,0,7,8.9,6.1,0,72.5,628,4,36,10.8,7.9,1,24,6.1,5.0,130,22.9,42,7.4,27.0,5.2,34,103,18.2,5631,381,5.4,9,6.0,2295,22,4.7,88,714,315,3336,20,11,6.0,166,20,88,714,10.2,5631,381
8,66.2,2860,23,15,142,6.7,11.0,238.3,20,4.8,2,1007,9,46,5.2,0,68.6,1359,9,67,12.7,8.7,0,58.1,555,3,25,12.9,7.5,1,52.7,424,4,25,10.9,5.7,0,64.0,577,5,27,10.1,6.5,1,20,4.8,5.2,162,25.6,54,8.5,54.0,9.8,54,162,25.6,5613,342,5.1,17,5.7,2198,9,4.4,98,851,345,3415,23,16,5.7,174,33,98,851,16.2,5613,342
4,60.5,3524,16,11,142,6.9,12.1,234.9,55,10.2,3,318,2,15,3.5,5,67.0,972,6,41,14.5,9.7,0,58.7,829,2,38,13.0,7.6,0,72.7,311,0,14,13.0,9.4,0,60.0,411,2,18,12.5,7.5,0,55,10.2,3.5,219,32.9,40,6.0,47.0,7.8,36,123,18.5,5440,359,5.0,8,5.6,1866,12,4.3,106,922,392,3574,20,15,5.6,180,23,106,922,10.6,5440,359
9,65.1,4438,29,7,227,8.0,11.6,261.1,23,3.8,3,1066,17,65,4.1,3,72.6,1161,6,68,11.0,8.0,0,73.4,616,0,24,13.1,9.6,3,57.7,502,3,24,16.7,9.7,0,75.0,216,4,13,12.0,9.0,0,23,3.8,4.1,200,31.2,61,9.5,49.0,8.8,39,149,23.2,6670,427,6.2,10,7.0,2491,22,5.2,103,818,353,4179,26,12,7.0,209,22,103,818,11.9,6670,427
8,64.6,3695,26,12,177,6.8,10.6,217.4,32,5.6,4,1121,2,54,5.3,5,60.0,788,6,45,13.1,7.9,0,62.1,611,7,28,14.9,9.3,0,62.7,425,3,20,10.1,6.3,2,79.1,470,2,20,8.9,7.0,0,32,5.6,5.3,174,32.5,42,7.9,50.0,10.5,34,126,23.6,5721,371,5.8,7,6.5,2372,18,5.0,100,916,314,3349,22,17,6.5,163,24,100,916,13.9,5721,371
3,61.0,3118,17,15,135,5.8,10.7,207.9,31,6.1,3,939,4,54,4.3,4,61.3,699,3,29,12.3,7.5,0,64.9,548,2,24,11.4,7.4,0,56.1,481,2,21,13.0,7.3,0,68.5,495,5,23,13.4,9.2,1,31,6.1,4.3,95,16.0,38,6.4,42.0,8.0,39,119,20.1,6452,420,5.7,11,6.3,2894,25,5.1,95,773,336,3558,15,16,6.3,196,27,95,773,11.9,6452,420
4,67.0,3057,14,13,156,6.0,9.9,254.8,38,7.6,4,861,4,39,4.5,3,70.2,925,4,51,9.3,6.6,2,69.2,623,3,32,9.9,6.8,1,52.6,593,2,28,14.5,7.6,1,62.5,312,3,16,12.5,7.8,1,38,7.6,4.5,100,16.4,53,8.7,37.0,6.9,44,134,22.0,5678,427,5.2,11,6.1,2109,20,4.1,89,725,365,3569,25,10,6.1,184,21,89,725,10.2,5678,427
9,66.3,4113,25,8,206,7.3,10.6,241.9,27,4.4,2,1125,5,52,5.1,5,63.2,1108,8,55,13.2,8.3,1,67.8,823,5,44,10.0,6.8,0,56.8,529,3,29,11.5,6.5,0,74.5,766,4,33,10.5,7.8,0,27,4.4,5.1,155,23.1,56,8.4,77.0,12.8,35,168,25.1,6006,350,5.4,13,6.4,1951,14,4.2,90,683,385,4055,25,14,6.4,211,27,90,683,14.4,6006,350
14,67.1,5250,41,12,272,8.5,12.1,308.8,26,3.9,4,830,5,37,4.9,4,77.2,933,3,47,12.0,9.2,3,51.9,687,2,32,16.4,8.5,0,44.1,315,2,12,21.0,9.3,0,72.4,1338,12,78,12.2,8.8,1,26,3.9,4.9,173,24.2,59,8.3,64.0,10.3,55,178,24.9,5579,369,5.1,9,5.6,1823,10,4.4,98,734,408,3756,33,11,5.6,207,20,98,734,10.3,5579,369
6,60.8,3522,24,14,161,6.7,11.5,234.8,27,5.1,3,1653,12,93,4.9,3,55.6,1516,14,65,15.2,8.4,1,60.6,690,4,34,12.1,7.3,0,72.0,330,2,18,9.2,6.6,3,61.1,420,2,24,12.7,7.8,1,27,5.1,4.9,168,26.2,36,5.6,61.0,10.3,27,124,19.3,6216,418,5.8,7,6.7,2087,20,4.5,93,758,399,4129,25,6,6.7,206,13,93,758,7.3,6216,418
10,68.2,4739,25,10,228,6.9,9.9,278.8,38,5.2,5,915,13,46,4.5,5,67.7,895,4,39,14.2,9.6,0,67.3,769,3,39,10.7,7.2,1,74.2,752,4,39,11.4,8.4,1,66.7,555,4,29,9.6,6.4,0,38,5.2,4.5,177,31.1,35,6.1,38.0,7.5,40,113,19.8,5884,384,5.9,10,6.2,2478,17,5.4,80,762,310,3406,24,14,6.2,175,24,80,762,11.2,5884,384
3,68.0,2087,10,8,105,6.4,10.1,231.9,29,8.7,0,786,7,39,4.2,2,76.5,812,6,42,10.8,8.3,2,63.9,376,0,16,9.6,6.2,0,54.5,369,3,20,15.4,8.4,0,66.7,620,3,32,8.6,5.7,0,29,8.7,4.2,166,26.8,35,5.7,38.0,6.8,38,111,17.9,5798,384,5.5,6,6.5,1956,12,4.3,82,691,375,3842,23,16,6.5,203,22,82,691,12.1,5798,384
8,64.8,3548,25,8,162,9.2,13.7,272.9,21,5.0,2,891,3,44,4.9,1,70.0,1710,7,77,14.4,10.1,1,64.1,1356,8,60,18.1,11.6,1,58.8,417,2,18,13.9,8.2,0,61.5,362,5,19,11.3,7.0,0,21,5.0,4.9,233,33.3,58,8.3,54.0,8.7,40,152,21.7,5743,399,5.3,6,6.0,1751,15,4.1,84,799,416,3992,27,8,6.0,200,14,84,799,7.6,5743,399
13,65.9,4547,29,14,230,7.0,10.7,267.5,46,6.7,8,1173,8,50,4.4,4,69.6,1809,8,80,14.1,9.8,0,65.4,716,6,45,10.2,6.7,0,66.7,650,5,32,10.8,7.2,1,69.4,182,2,9,7.3,5.1,1,46,6.7,4.4,131,18.9,49,7.1,48.0,7.8,38,135,19.5,6608,427,5.9,10,6.9,2093,18,4.5,111,926,408,4515,23,15,6.9,224,25,111,926,12.0,6608,427
6,65.2,2997,14,11,127,6.3,10.4,214.1,34,7.1,0,1040,5,49,5.0,4,69.8,804,6,38,12.0,8.4,2,66.0,539,3,25,17.4,11.5,0,72.9,434,1,22,12.4,9.0,2,69.5,509,2,23,12.4,8.6,0,34,7.1,5.0,148,21.9,73,10.8,36.0,6.0,54,163,24.1,5474,347,5.0,11,5.7,1793,7,4.1,89,699,364,3681,28,19,5.7,194,30,89,699,14.2,5474,347
6,66.7,2871,18,9,135,7.5,11.4,205.1,25,6.2,1,897,2,40,4.0,4,60.5,1042,4,48,14.5,8.8,2,82.4,488,2,18,17.4,14.4,1,70.4,278,1,14,14.6,10.3,0,64.6,508,7,25,12.1,7.8,0,25,6.2,4.0,102,16.8,29,4.8,29.0,5.4,48,106,17.5,5352,345,5.0,7,5.4,2218,14,4.5,92,798,322,3134,17,7,5.4,159,14,92,798,7.1,5352,345
9,67.2,3205,15,5,156,6.9,10.1,200.3,44,8.5,5,1312,10,62,4.4,1,64.8,724,2,30,15.7,10.2,2,81.4,569,4,29,10.0,8.1,3,74.2,227,1,13,9.9,7.3,0,85.7,268,2,14,8.9,7.7,1,44,8.5,4.4,253,39.7,48,7.5,66.0,11.6,41,155,24.3,6089,371,5.6,13,6.0,2451,16,5.2,111,819,349,3638,21,6,6.0,200,19,111,819,8.8,6089,371
5,54.5,1688,6,7,73,6.2,12.8,187.6,23,8.7,2,463,4,20,5.8,1,56.5,1103,4,56,13.3,7.5,2,50.0,536,2,28,16.8,8.4,0,56.9,446,1,22,12.1,6.9,1,66.7,552,3,25,9.5,6.3,2,23,8.7,5.8,94,14.9,39,6.2,76.0,13.7,45,160,25.4,5288,316,4.8,4,5.4,2068,14,4.2,90,707,347,3220,15,12,5.4,166,16,90,707,8.3,5288,316
14,66.5,3701,22,6,165,8.4,12.1,246.7,38,7.6,2,1269,11,62,4.9,2,60.7,1496,11,59,17.0,10.3,2,69.9,1196,7,57,12.6,8.8,1,64.7,354,3,13,10.7,6.9,1,79.7,702,3,40,12.8,10.2,1,38,7.6,4.9,146,22.1,48,7.3,50.0,9.0,70,168,25.5,5125,344,4.8,10,4.9,2068,15,4.6,95,798,350,3057,22,17,4.9,186,27,95,798,15.1,5125,344
7,63.0,2404,7,9,123,5.5,9.8,184.9,27,6.5,4,1034,7,45,3.8,3,58.5,882,0,45,10.3,6.0,1,61.9,801,4,38,15.4,9.5,0,60.9,104,0,5,7.4,4.5,3,64.3,732,2,37,11.6,7.5,0,27,6.5,3.8,195,31.5,28,4.5,40.0,7.4,40,108,17.4,5617,346,5.5,3,6.5,1838,7,4.2,96,717,332,3779,29,20,6.5,196,23,96,717,13.0,5617,346
7,67.2,2437,16,4,114,8.4,11.8,221.5,18,5.5,1,279,2,15,6.2,0,68.4,1015,8,47,13.0,8.9,1,59.6,632,2,25,11.3,6.7,3,62.5,416,1,23,11.9,7.4,1,69.8,765,11,36,12.8,8.9,1,18,5.5,6.2,143,21.6,39,5.9,69.0,11.6,44,152,22.9,5110,277,5.0,10,5.9,1321,11,3.4,96,832,389,3789,20,20,5.9,188,30,96,832,15.3,5110,277
9,69.8,4282,30,11,206,7.7,10.7,251.9,46,7.4,3,1050,9,51,4.6,0,63.8,1048,6,47,11.6,7.4,2,71.8,1033,9,50,12.3,8.8,2,64.3,387,4,18,14.3,9.2,0,79.4,486,4,24,9.7,7.7,0,46,7.4,4.6,95,15.2,34,5.4,51.0,9.3,45,130,20.8,6149,401,5.5,11,6.1,2554,21,4.9,98,818,343,3595,23,14,6.1,188,25,98,818,12.2,6149,401
8,66.8,4694,25,9,237,6.5,9.6,276.1,22,2.9,5,668,3,39,3.5,0,60.6,1124,6,53,14.6,8.9,0,73.2,1023,3,53,9.8,7.2,2,72.9,426,5,31,8.4,6.1,1,64.6,391,2,19,9.3,6.0,0,22,2.9,3.5,182,28.3,38,5.9,58.0,10.2,45,141,21.9,5513,358,5.1,10,5.6,2052,12,4.5,97,863,364,3461,29,10,5.6,186,20,97,863,10.2,5513,358
6,65.2,2536,13,6,116,7.8,12.0,211.3,33,9.2,0,1538,13,65,4.4,6,58.2,527,2,31,9.9,5.8,1,61.1,444,1,19,13.5,8.2,0,50.0,397,3,18,15.9,7.9,0,69.6,450,3,22,14.1,9.8,0,33,9.2,4.4,133,18.1,57,7.7,60.0,8.9,39,156,21.2,5978,359,5.4,6,6.6,1307,9,3.4,115,836,439,4671,29,14,6.6,215,20,115,836,10.6,5978,359
5,62.2,1859,12,6,93,7.1,11.5,206.6,19,6.8,1,797,2,49,3.9,2,64.2,1191,5,56,15.5,9.9,1,69.6,656,4,36,10.3,7.1,1,57.4,523,7,26,14.9,8.6,0,63.9,323,1,15,8.3,5.3,0,19,6.8,3.9,133,22.4,25,4.2,69.0,13.4,43,137,23.1,5178,343,5.2,9,5.8,1926,10,4.4,85,707,308,3252,26,9,5.8,155,18,85,707,7.6,5178,343
