3,51.0,1545,5,9,780,4,3.4,2,48.5,771,1,48.6,651,5,46.3,544,0,63.0,171,1,20,7.3,3.4,35,36,4408,267
7,61.5,3734,23,18,779,7,4.3,5,73.5,1342,11,52.6,1088,8,47.9,649,4,100.0,54,0,32,5.8,4.3,31,33,5829,385
9,55.1,2575,16,18,890,5,4.3,8,58.5,828,2,41.4,452,5,35.6,304,2,61.5,232,1,12,3.1,4.3,37,31,4826,204
7,63.6,3114,22,17,1093,7,3.8,1,62.9,1303,8,54.1,527,4,71.2,482,2,72.1,428,5,34,7.1,3.8,25,28,5175,356
8,60.6,2078,10,8,899,7,3.3,1,68.0,944,4,55.7,546,2,80.6,244,1,50.0,212,1,11,3.1,3.3,26,22,5009,307
3,51.0,2154,14,9,468,1,3.3,6,53.8,1127,11,43.4,866,5,39.4,175,1,57.1,492,1,19,5.8,3.3,30,18,5154,406
10,64.5,2676,13,12,1484,21,4.0,1,65.3,1241,6,41.8,821,8,65.0,181,0,72.3,475,2,14,3.7,4.0,46,31,4313,248
7,62.1,3490,16,10,620,9,3.3,4,50.8,1107,5,62.2,455,1,55.6,342,1,62.1,1010,4,46,8.5,3.3,21,26,5907,396
5,61.8,1629,14,3,1883,7,5.7,0,54.5,1173,11,50.9,761,4,61.7,359,3,73.9,163,0,14,6.2,5.7,26,23,5405,342
9,62.4,3882,33,14,623,5,3.5,1,59.1,1119,18,63.0,648,4,65.1,397,4,57.4,377,2,31,5.1,3.5,34,33,4764,287
4,61.9,1440,9,6,1282,11,4.1,5,51.5,742,5,59.8,593,6,40.0,30,0,53.3,190,1,17,7.8,4.1,24,28,5325,320
9,60.6,3283,16,9,709,7,3.8,3,52.6,822,5,52.7,637,4,54.4,537,2,70.6,382,2,19,3.7,3.8,38,38,5000,298
9,57.8,3334,20,16,983,4,3.5,4,62.7,1309,9,53.1,513,5,61.5,294,2,62.3,371,2,41,8.3,3.5,37,25,4943,327
11,58.3,3209,17,12,1350,12,3.9,5,55.6,885,7,53.7,645,6,49.4,627,3,73.9,217,1,25,5.2,3.9,37,32,5062,306
2,54.6,2104,16,14,1025,3,3.2,5,45.5,945,5,55.6,644,3,69.7,352,3,68.1,276,6,28,8.1,3.2,22,20,5170,365
10,62.6,4453,30,17,868,6,4.0,5,57.9,1270,7,53.7,506,6,64.9,488,3,62.1,673,7,18,2.8,4.0,28,32,5224,327
9,61.7,4264,18,19,1031,8,4.0,3,64.9,1256,7,52.8,1175,4,54.9,696,5,72.7,363,0,29,4.6,4.0,31,34,4742,314
10,57.9,4555,25,27,703,8,2.9,1,59.2,941,3,47.5,904,5,42.4,379,3,64.9,1174,7,22,3.1,2.9,39,40,5207,312
7,64.1,3855,22,18,579,6,3.8,3,56.6,985,5,65.6,894,4,66.2,719,5,55.1,406,4,21,3.7,3.8,36,31,5569,407
9,57.4,2536,12,16,1075,6,3.3,0,52.0,825,6,50.6,666,2,69.6,219,0,75.6,364,4,42,10.7,3.3,23,32,4950,305
5,58.0,2782,17,13,931,3,3.9,4,49.1,1010,6,70.8,581,3,52.9,90,0,52.3,749,4,19,4.1,3.9,29,38,5338,320
7,54.1,3229,16,13,528,5,4.7,4,52.7,1127,5,52.3,813,3,52.6,311,1,51.5,215,3,43,8.1,4.7,39,35,4710,308
10,57.3,2443,13,9,851,5,3.9,0,57.6,577,3,52.2,546,4,41.3,384,1,57.5,618,4,35,8.6,3.9,52,31,4326,234
13,70.3,3969,35,10,877,6,3.7,8,74.2,1499,13,64.1,531,5,75.0,294,2,68.1,670,9,31,6.3,3.7,32,35,4839,296
5,51.2,2151,11,7,1545,9,4.6,5,58.7,1086,4,41.5,681,1,30.8,70,0,62.5,208,1,27,6.6,4.6,26,30,5349,323
6,56.4,2919,16,10,1011,7,3.6,2,60.5,673,1,50.0,652,6,51.4,438,5,59.1,337,3,22,5.2,3.6,20,21,5336,351
0,50.4,1287,6,7,757,3,4.0,2,53.5,846,2,55.7,783,6,46.2,521,1,47.8,74,1,27,10.1,4.0,30,26,4915,352
1,45.3,1658,10,12,650,3,3.5,1,49.3,1397,6,38.8,727,5,54.3,344,2,46.9,157,3,12,4.3,3.5,27,23,5609,412
4,58.3,3554,16,21,1070,1,3.8,12,54.3,907,5,47.7,883,2,60.4,417,2,73.7,117,2,53,9.2,3.8,31,42,5704,422
9,60.3,4143,24,11,1083,6,4.6,3,68.0,1189,8,66.1,1039,9,51.7,303,1,62.5,83,0,43,7.2,4.6,30,30,6088,349
4,61.5,2883,17,10,547,0,4.0,5,54.3,714,9,62.9,709,4,45.6,701,3,62.5,216,0,17,4.2,4.0,26,24,5648,356
10,55.7,3130,22,13,1005,6,3.8,6,60.2,763,11,44.2,646,1,55.8,312,3,60.5,504,1,26,5.4,3.8,47,28,5128,335
7,49.4,2717,14,19,740,4,3.8,4,46.8,1002,3,50.5,882,6,41.4,444,1,58.8,171,3,24,5.3,3.8,34,37,5027,325
9,60.3,3838,29,10,1074,10,3.6,9,59.4,1301,4,53.0,1037,12,53.3,289,2,64.1,217,6,15,2.8,3.6,32,29,5442,360
7,57.5,3822,28,17,661,2,3.9,2,58.9,1234,17,47.7,821,5,47.2,209,1,59.8,754,4,24,4.1,3.9,37,24,6349,374
12,64.8,3304,16,7,1773,25,4.7,7,67.3,1603,10,56.7,613,2,35.3,83,0,68.9,705,5,14,3.1,4.7,35,25,5044,291
8,58.3,3970,26,14,1117,7,4.7,5,54.6,1079,14,61.9,477,2,47.8,441,3,67.0,756,4,22,3.9,4.7,28,21,5193,345
10,59.3,4338,32,12,1500,11,4.8,3,59.7,1686,14,60.3,1488,9,55.0,590,8,70.8,184,1,31,5.0,4.8,35,35,5599,336
11,63.0,4413,38,13,1067,3,3.4,2,61.1,1497,13,50.6,469,3,58.5,344,4,72.0,679,7,33,5.5,3.4,39,16,5155,314
7,63.7,2575,17,5,1078,11,3.7,8,61.9,784,3,54.7,431,4,58.3,379,3,76.4,635,4,36,10.3,3.7,29,26,5027,316
3,58.1,2168,15,7,525,2,3.8,1,58.2,589,5,61.2,368,3,52.4,288,3,64.1,527,2,39,10.1,3.8,17,24,5515,404
13,56.3,3121,21,10,890,5,4.3,2,43.4,527,5,45.3,514,4,53.3,513,5,68.9,419,1,21,3.9,4.3,45,33,4549,241
7,60.1,1998,12,9,1114,9,4.4,5,60.1,1342,10,47.5,612,3,49.1,491,3,62.5,254,2,22,7.1,4.4,43,33,5104,332
9,59.0,3381,17,14,730,5,3.9,2,54.5,1224,6,47.5,621,2,64.3,537,3,70.0,315,0,23,4.6,3.9,36,27,5074,323
7,57.3,2623,18,15,637,3,3.5,4,59.8,1781,13,65.5,419,4,55.6,399,3,69.1,458,4,31,7.1,3.5,33,36,5118,418
9,64.1,3668,24,15,878,9,3.7,5,56.9,910,8,67.4,819,8,57.8,525,2,67.2,499,3,22,4.4,3.7,27,30,5244,332
8,62.2,4228,33,14,632,5,4.5,1,61.9,1371,17,50.7,1167,9,59.3,597,3,58.1,207,0,38,5.9,4.5,41,40,5451,385
6,50.8,3507,13,16,1487,14,4.0,5,41.5,974,3,54.4,502,1,56.0,159,0,61.3,915,6,23,3.5,4.0,33,29,5764,377
7,60.8,3970,26,14,951,7,3.9,2,60.4,1087,8,43.2,597,4,55.1,461,5,62.0,694,4,27,4.5,3.9,43,29,5561,348
5,55.7,2814,11,10,1182,10,3.9,5,53.8,796,3,51.2,577,4,46.2,208,1,61.1,310,0,44,8.8,3.9,27,31,5293,340
2,56.8,2275,16,15,795,1,4.1,2,53.7,726,4,45.1,484,4,72.0,230,2,56.3,497,5,27,6.5,4.1,40,34,4756,384
9,57.3,2326,8,14,1273,11,3.8,6,56.8,768,2,63.2,585,5,50.0,318,0,58.8,190,1,33,8.1,3.8,43,38,4638,338
9,59.1,2970,17,7,813,5,3.8,9,56.3,1307,5,56.5,679,8,71.6,502,1,54.2,238,3,15,3.5,3.8,39,34,4561,327
8,66.9,3200,20,11,723,10,3.3,1,69.3,1848,15,73.1,517,4,59.2,387,2,59.4,595,3,25,5.3,3.3,35,34,4398,258
7,53.5,2564,13,20,1346,15,4.3,5,50.4,1039,7,58.3,1001,4,52.2,239,1,79.3,254,1,42,9.7,4.3,26,25,5669,366
7,54.0,2774,4,18,1207,11,3.6,2,44.7,633,2,55.6,605,2,64.1,493,0,62.6,751,1,47,10.2,3.6,24,30,5712,335
5,63.2,2460,17,10,947,5,3.8,8,40.2,823,9,63.5,684,8,44.4,321,0,78.4,471,1,21,5.6,3.8,30,38,4651,324
3,50.3,2751,13,13,1309,10,3.9,6,49.6,1005,5,38.6,522,1,47.5,486,2,63.6,172,0,23,5.5,3.9,28,35,5400,359
3,56.0,2293,11,14,634,3,4.5,5,39.7,1016,4,53.1,813,4,48.8,318,2,78.8,329,1,17,4.8,4.5,25,25,5361,397
3,60.2,3152,22,25,1055,5,4.5,4,61.0,921,6,60.5,771,7,60.0,599,6,100.0,16,1,27,5.2,4.5,30,23,5786,461
4,59.2,4177,33,19,737,4,4.3,0,50.7,1201,14,57.9,1099,9,59.4,461,2,72.4,581,1,34,5.8,4.3,30,22,5889,441
8,58.6,2810,14,19,1033,8,3.7,1,65.3,1036,6,54.9,798,4,63.6,372,3,58.2,457,0,37,8.9,3.7,45,28,4737,266
9,56.0,2454,14,9,1120,6,3.7,2,55.8,808,6,61.3,614,3,51.0,407,1,55.0,713,10,18,4.7,3.7,56,38,4776,218
6,59.9,2278,14,12,748,4,3.9,3,56.6,1049,7,56.9,802,0,53.2,389,6,50.0,223,1,14,3.6,3.9,30,28,4884,305
8,56.1,3624,24,14,847,0,3.8,1,57.5,1180,12,50.4,833,5,65.3,509,1,60.3,446,4,44,7.4,3.8,31,44,5469,369
10,63.7,3126,12,13,1204,12,3.7,5,61.0,962,2,56.8,380,1,52.9,323,1,75.0,388,3,18,3.7,3.7,35,33,4382,250
13,61.6,3328,26,14,1538,13,4.5,5,50.9,735,3,63.2,553,7,57.1,237,2,68.4,1062,10,26,5.3,4.5,40,32,4470,275
4,57.9,2917,17,17,1553,11,5.1,4,59.6,1296,9,55.3,1021,5,56.7,714,6,68.0,146,0,36,7.6,5.1,30,19,5351,368
13,59.9,3899,39,13,899,2,4.0,2,52.3,933,9,51.3,699,4,56.1,344,4,63.5,505,10,40,6.9,4.0,36,39,4156,210
7,57.3,2630,13,11,587,7,3.0,2,54.2,836,8,59.3,751,1,50.0,302,0,70.0,503,4,36,8.2,3.0,23,23,5403,334
9,63.4,4367,19,20,723,8,3.8,2,64.8,1244,7,66.9,1129,3,78.6,486,3,67.5,575,1,50,8.2,3.8,37,27,5085,335
8,53.7,2572,12,13,830,9,4.0,2,54.4,628,5,56.3,422,2,46.7,241,1,54.5,189,1,22,4.8,4.0,31,27,5204,300
7,60.2,2548,23,14,874,1,5.8,3,61.6,1104,9,51.2,601,4,58.7,423,3,48.6,386,4,32,7.4,5.8,31,26,4697,293
7,55.8,2670,18,13,713,7,3.3,6,50.9,1171,14,54.7,524,4,49.3,486,2,68.6,271,1,20,4.6,3.3,28,36,5421,376
5,52.2,2544,15,15,632,4,3.3,2,56.0,1338,7,47.0,924,9,53.6,160,0,65.2,164,0,48,11.5,3.3,29,39,5529,409
7,59.2,2795,17,9,1116,11,3.6,4,62.2,918,8,57.1,562,3,47.7,409,4,80.0,48,1,18,4.6,3.6,37,36,5191,325
5,62.7,2258,17,10,692,3,4.3,2,57.1,1320,7,57.5,1163,10,50.0,351,3,61.3,128,0,15,4.6,4.3,43,35,5087,315
11,59.9,4086,27,15,1152,14,3.6,4,53.9,1132,6,54.3,771,4,77.8,222,0,62.0,682,9,30,4.6,3.6,32,34,5305,313
3,57.5,2797,12,16,584,4,3.6,4,50.6,786,4,56.2,558,2,64.5,215,3,56.3,210,0,19,3.9,3.6,34,22,4910,339
6,53.8,2412,12,20,827,1,3.3,3,48.6,739,4,54.1,694,4,41.9,233,0,48.9,178,1,49,11.0,3.3,29,35,5047,297
1,52.9,2205,15,16,1249,6,4.1,6,65.6,909,3,50.4,844,8,58.8,788,6,48.4,144,1,14,4.1,4.1,27,26,5564,454
7,59.4,2911,15,13,1411,13,4.0,5,57.9,1195,11,61.4,859,5,52.8,260,0,48.4,332,2,27,6.3,4.0,39,31,4562,341
10,55.4,2767,15,17,1431,11,4.5,7,59.4,1008,3,62.6,739,6,48.0,244,2,50.0,141,0,16,3.8,4.5,51,40,4362,257
9,67.7,2410,14,6,559,3,4.2,1,70.6,1254,8,60.3,520,4,46.2,249,0,68.8,428,1,34,9.7,4.2,36,34,4661,257
4,56.9,1629,8,4,855,5,4.2,3,47.1,987,7,61.4,556,2,33.3,328,1,66.7,258,0,12,5.4,4.2,41,32,5437,376
6,55.4,2859,12,19,539,3,3.1,3,48.9,544,1,62.3,427,2,41.3,289,1,50.0,349,1,28,5.5,3.1,34,29,4814,293
6,57.5,2099,16,11,1368,8,4.1,3,45.7,882,4,54.9,464,6,57.6,421,2,77.9,511,6,25,7.2,4.1,32,26,4610,319
9,57.4,3453,12,11,1353,21,3.9,4,53.1,1014,2,54.8,505,1,51.1,344,3,56.8,481,4,22,4.5,3.9,34,30,5723,312
3,53.0,2203,15,15,424,2,3.1,3,46.6,1584,8,52.4,1017,4,55.6,273,1,82.1,261,4,52,14.9,3.1,34,20,5426,379
7,59.1,2692,20,7,1002,7,3.5,4,46.4,991,9,56.9,802,6,69.6,266,1,53.1,217,2,39,10.2,3.5,47,28,5106,361
4,57.7,2971,18,15,774,4,3.8,4,52.4,1009,9,50.4,918,4,60.0,648,6,65.0,601,5,20,4.1,3.8,40,28,5363,345
5,55.0,2367,12,13,840,8,4.3,4,52.6,880,5,49.2,853,5,55.8,294,0,65.1,340,2,39,9.1,4.3,43,22,4853,367
6,52.5,2124,11,21,809,7,4.4,4,54.3,545,4,64.7,436,2,55.4,419,2,59.8,746,6,27,6.6,4.4,35,22,4980,314
4,57.7,3011,14,14,1033,10,3.8,1,55.2,753,7,42.7,576,3,57.7,476,1,70.8,464,1,25,5.0,3.8,38,30,4888,421
3,58.0,2125,8,7,1129,10,4.8,1,55.7,797,5,54.7,695,5,50.9,414,2,64.2,414,6,39,11.0,4.8,35,23,5682,405
6,56.4,3283,19,12,1074,4,4.1,1,47.8,1180,9,46.9,645,4,58.8,308,1,69.1,442,0,33,6.0,4.1,38,19,4516,314
12,55.8,3635,27,11,1750,15,4.7,4,53.4,1180,12,52.9,590,8,44.2,240,2,63.2,1107,3,34,6.3,4.7,40,31,4671,287
9,57.6,3484,19,14,2053,11,6.1,3,61.2,1293,8,54.1,1057,6,40.0,142,0,59.2,264,0,41,7.5,6.1,40,25,4947,306
13,59.3,3867,35,16,1435,7,4.4,5,59.1,1243,12,50.8,1010,7,51.4,290,0,67.9,417,6,25,4.6,4.4,40,32,4827,282
2,61.2,2060,10,4,1054,7,4.0,5,62.4,866,6,61.3,804,2,45.6,329,3,75.0,380,3,41,11.7,4.0,37,25,4854,401
9,60.7,3281,18,7,823,9,3.4,5,53.9,1324,4,65.9,1164,5,48.6,206,2,74.5,380,4,33,7.1,3.4,43,29,5238,318
8,57.0,1943,11,6,550,0,3.5,1,47.7,1092,7,58.3,273,2,41.2,92,0,61.1,368,2,19,5.7,3.5,45,34,4880,232
4,55.7,3917,29,9,1294,6,4.8,7,64.2,1408,5,45.5,804,12,55.6,115,0,52.7,787,7,58,10.0,4.8,26,22,6116,419
3,53.8,1488,5,6,945,4,3.7,2,43.2,904,6,51.9,576,2,40.0,423,1,59.4,505,2,18,7.4,3.7,27,26,5166,425
5,51.7,3254,14,13,380,3,3.7,4,47.1,815,5,50.0,488,1,39.1,404,0,63.3,404,4,43,8.1,3.7,36,39,5066,359
9,58.2,3780,16,11,892,15,3.2,3,64.4,943,1,49.1,471,3,53.8,402,2,78.0,558,4,20,3.5,3.2,29,27,5364,327
8,60.8,3036,20,12,1266,6,5.5,0,57.6,1138,6,56.3,1069,13,65.0,193,1,58.2,378,3,26,5.4,5.5,42,27,5687,359
10,60.2,3706,28,15,1160,4,4.2,3,58.1,841,2,59.4,607,6,55.1,431,2,67.3,737,8,30,5.4,4.2,43,32,5085,289
4,52.2,1288,2,14,552,4,3.5,6,57.9,761,2,40.7,722,5,48.2,362,1,65.4,253,1,21,9.4,3.5,58,31,4645,327
7,53.1,1740,11,9,698,4,4.6,3,59.2,849,8,36.7,276,1,43.2,263,1,55.3,150,2,19,6.1,4.6,36,44,5067,265
8,56.3,2796,17,7,1086,7,3.6,4,51.9,963,5,56.9,799,3,46.2,542,2,79.4,276,3,45,8.9,3.6,27,25,5320,287
2,56.9,1573,11,6,1110,7,3.9,3,56.2,1316,6,51.2,484,2,56.9,455,3,63.6,177,1,28,11.1,3.9,38,26,4932,372
11,53.6,3020,21,17,1665,7,4.4,6,53.0,1398,7,50.5,568,2,65.2,555,3,60.0,117,6,20,4.3,4.4,46,34,4705,307
12,67.7,3029,19,6,1019,4,4.4,2,58.3,936,8,72.5,733,4,58.3,165,0,61.7,383,2,35,9.0,4.4,42,41,4013,265
7,59.3,3678,25,16,847,4,4.2,2,49.0,1049,12,55.7,843,2,53.1,637,6,70.5,361,1,30,5.4,4.2,40,29,4849,362
10,56.2,2555,21,11,978,4,4.4,4,60.0,486,4,44.3,448,4,54.1,431,1,73.1,217,4,32,7.7,4.4,38,26,4628,263
8,52.0,2665,14,13,1399,6,3.9,4,48.3,564,4,48.4,498,3,46.7,186,0,63.6,748,4,31,7.0,3.9,35,32,5231,310
6,50.7,2682,17,12,724,4,3.4,2,42.6,562,5,37.0,559,3,49.2,485,4,49.5,474,1,23,5.4,3.4,37,30,5030,289
9,59.2,3737,17,20,1042,8,3.8,6,61.8,1145,3,45.9,982,5,28.6,12,0,78.8,284,4,49,8.2,3.8,33,39,5265,378
13,58.1,3154,25,12,1846,14,4.5,5,50.4,1181,6,56.1,1136,11,55.0,157,1,64.3,428,5,45,12.1,4.5,36,44,4734,289
5,56.0,1839,12,11,1008,7,4.3,3,53.9,784,6,56.1,512,5,50.0,477,0,58.6,422,1,23,7.3,4.3,38,23,5297,335
7,57.1,2711,20,11,1124,8,3.7,5,57.8,1368,9,57.8,795,5,47.5,392,1,75.8,288,6,12,3.3,3.7,40,31,4691,333
4,63.0,2613,17,12,717,5,3.5,4,57.0,1024,8,64.2,941,6,37.3,301,2,62.8,506,5,44,11.4,3.5,35,33,5842,413
3,60.4,1823,9,7,611,2,3.5,2,56.1,987,5,51.9,733,3,50.0,448,3,58.3,217,0,10,3.8,3.5,28,28,5103,368
2,61.8,2216,15,4,1130,4,4.3,2,53.2,1023,5,58.0,817,7,70.4,258,3,68.8,363,1,30,8.0,4.3,27,20,5763,452
7,59.4,2330,12,5,1332,13,4.2,3,57.8,1057,1,50.6,691,3,68.3,479,4,55.6,218,1,9,2.8,4.2,34,26,5164,275
10,59.0,2806,22,10,2008,21,5.1,2,61.9,1222,6,64.6,1053,10,64.0,194,1,59.8,768,10,18,4.8,5.1,46,30,4935,309
5,57.1,2178,11,6,1491,4,4.3,3,49.3,1028,2,63.6,983,5,52.1,464,3,55.0,146,1,37,10.9,4.3,41,21,5117,378
11,63.0,4212,31,23,378,1,3.3,0,54.9,1424,14,64.6,452,1,50.0,420,3,63.5,554,4,38,6.5,3.3,49,23,4507,319
3,56.7,3739,26,28,1319,6,4.1,3,48.4,776,7,51.7,681,7,47.2,511,1,60.0,309,4,22,3.7,4.1,38,19,5836,444
10,58.8,2601,20,9,1223,14,4.6,3,58.6,1182,8,56.6,892,6,42.3,168,0,60.3,363,2,28,7.3,4.6,26,30,5559,338
5,58.2,2305,10,6,527,5,3.6,4,50.5,992,4,43.5,542,5,57.6,281,0,57.8,621,2,25,6.6,3.6,39,33,4854,363
4,51.9,1754,10,16,921,2,4.2,2,52.9,1012,9,51.1,882,6,51.1,346,1,46.8,549,5,36,12.2,4.2,38,35,4550,356
2,46.6,1803,8,19,883,5,4.2,2,43.0,699,3,54.4,605,2,35.3,450,2,51.4,602,3,15,4.5,4.2,38,27,4208,342
4,59.1,2535,7,14,313,3,3.6,1,52.6,771,3,66.7,457,1,42.6,287,0,71.4,144,1,41,9.1,3.6,47,23,4880,378
10,57.7,3497,23,15,960,6,3.6,2,54.5,1050,7,55.2,713,7,64.2,603,5,61.2,334,3,23,4.1,3.6,44,36,4435,265
13,60.9,3704,34,10,1187,6,4.8,1,55.6,1313,17,62.4,1011,12,50.0,474,4,59.3,522,5,20,4.5,4.8,36,34,5066,296
8,54.7,3633,20,14,1115,9,3.8,5,51.0,792,3,43.0,771,2,41.8,474,3,70.5,668,6,36,7.0,3.8,34,31,5182,329
1,55.3,1427,8,4,457,1,3.3,4,50.0,823,1,47.1,509,2,40.2,455,3,61.4,684,6,11,5.2,3.3,44,32,5668,359
3,53.5,1603,11,10,1063,5,4.3,1,52.1,812,6,49.0,715,2,50.9,360,5,44.8,90,0,22,6.9,4.3,53,26,5171,309
12,61.5,3256,29,7,1287,8,3.5,5,55.7,1131,10,65.2,1083,8,42.4,477,4,60.0,315,5,19,4.3,3.5,34,30,4699,266
1,53.6,1011,5,5,1065,5,4.1,2,51.6,600,2,42.9,556,2,43.8,193,1,60.0,132,0,5,2.7,4.1,40,17,5136,344
7,55.0,2560,11,18,1185,3,3.8,2,52.4,815,7,61.1,751,1,58.2,297,1,57.6,157,2,33,6.7,3.8,41,29,4963,303
11,62.3,4170,36,12,1570,7,5.1,4,54.3,1157,9,64.4,1097,14,67.7,770,8,61.0,266,5,48,8.5,5.1,51,33,5343,328
4,56.2,1632,11,8,1239,9,3.9,4,49.2,1047,10,57.4,742,3,42.0,346,2,84.1,377,2,22,7.9,3.9,53,42,5689,310
8,52.4,2729,21,15,1026,2,4.2,1,54.3,708,7,42.3,636,2,45.7,252,1,60.0,255,4,27,5.9,4.2,36,26,4345,295
8,58.7,3228,15,10,1294,5,3.7,7,45.8,493,3,55.2,461,3,56.8,333,3,76.9,768,2,33,6.3,3.7,25,19,5121,320
6,54.6,3441,23,11,700,2,4.7,4,48.9,736,6,37.7,712,8,51.9,451,2,63.8,383,4,49,8.8,4.7,32,21,5354,421
3,52.8,2111,9,24,553,0,2.9,4,51.6,954,1,38.5,621,5,49.4,473,2,66.7,222,0,27,6.6,2.9,32,27,5422,382
4,56.7,2339,16,11,452,1,3.2,5,52.6,1016,6,64.0,669,7,51.2,314,1,50.0,174,0,32,9.4,3.2,40,18,5223,380
6,52.8,2136,17,8,852,5,3.6,0,48.6,1105,6,42.5,538,4,50.0,526,3,52.4,102,0,33,9.3,3.6,49,31,4222,277
10,55.2,3171,19,16,695,5,3.4,4,64.4,994,7,57.8,536,1,50.0,393,3,60.7,496,4,26,5.2,3.4,37,21,4045,229
8,60.1,4436,36,15,718,6,5.2,3,61.1,1253,8,62.4,1082,12,39.3,270,2,58.3,822,12,50,8.1,5.2,34,29,5503,381
3,60.7,1645,10,6,916,3,3.2,4,56.4,1400,9,59.5,947,4,55.7,426,4,63.3,277,1,13,4.5,3.2,37,33,5704,341
3,55.3,2670,16,12,1200,5,4.6,3,55.3,1022,7,53.3,737,6,49.2,369,2,53.1,344,2,30,7.2,4.6,35,27,5497,460
2,55.9,2447,15,13,452,6,3.5,4,48.2,986,8,57.9,487,4,39.0,274,0,57.1,222,1,56,12.3,3.5,24,20,6046,437
7,59.5,2964,17,12,1397,11,4.2,5,64.0,1097,6,51.1,439,2,58.8,325,0,68.6,322,7,19,4.1,4.2,35,33,4840,276
4,57.7,3032,14,14,1159,7,4.2,2,56.8,1020,4,57.3,1018,7,52.9,98,0,56.1,488,2,27,5.6,4.2,50,26,4753,318
2,60.8,2117,9,7,542,2,3.8,1,54.7,1338,7,60.2,1129,5,51.6,197,2,61.8,591,4,28,8.9,3.8,50,32,5291,323
8,57.3,4091,22,23,1034,9,3.7,5,59.7,1074,6,63.2,1051,5,45.1,637,5,48.8,204,2,35,5.6,3.7,30,41,5309,341
13,62.1,4135,26,15,1553,13,4.2,8,62.5,1663,12,62.7,565,4,47.7,287,0,85.1,479,2,14,2.6,4.2,41,23,5221,333
13,58.7,3060,14,9,931,13,3.7,4,67.1,1636,6,56.1,891,5,61.5,202,0,69.6,346,1,29,6.2,3.7,57,30,4334,217
9,58.9,3389,22,15,627,8,3.9,1,52.4,832,2,62.5,586,6,61.8,426,2,73.1,849,11,26,5.0,3.9,40,45,5039,322
8,59.0,3840,24,14,936,8,3.9,3,62.1,1344,6,49.4,552,2,50.0,261,0,66.1,555,9,49,8.7,3.9,44,33,4880,329
6,57.4,2761,10,14,365,2,4.0,2,50.0,968,2,54.1,429,0,44.7,257,1,61.5,670,2,37,7.9,4.0,41,27,4905,316
13,65.1,4353,41,13,1381,7,5.5,2,64.2,1165,12,53.6,788,6,64.3,677,8,71.4,226,6,29,5.5,5.5,57,36,4698,242
5,55.3,2448,12,17,558,4,3.4,2,57.3,1037,5,53.9,803,6,53.8,516,2,64.0,299,1,9,2.4,3.4,38,28,4404,336
8,58.1,2816,23,12,1015,2,4.6,1,58.4,1413,11,65.7,1241,13,56.4,643,2,56.0,327,1,28,7.8,4.6,46,30,5597,335
8,56.6,3985,19,21,896,8,3.5,8,60.0,1147,4,51.9,698,6,64.3,471,1,50.8,370,2,55,9.3,3.5,39,31,4808,284
1,51.9,1916,7,16,884,2,3.5,6,47.7,835,4,48.8,796,6,62.5,564,1,55.3,325,1,19,6.6,3.5,45,34,5318,434
2,57.4,2318,8,11,348,3,3.0,2,57.7,1183,6,59.5,996,3,45.0,318,1,63.7,520,3,16,4.6,3.0,32,24,4981,358
6,59.2,1678,14,6,1464,5,4.0,2,71.8,1170,8,72.7,631,3,44.9,325,3,50.0,66,2,11,3.9,4.0,26,35,5379,309
2,52.4,1276,7,9,1273,4,3.9,5,49.5,655,4,47.2,414,1,50.0,188,1,56.5,295,4,20,8.1,3.9,37,46,5462,357
1,53.9,1625,12,8,1091,7,3.6,2,51.7,714,5,60.4,638,7,65.1,387,3,52.9,176,0,15,5.5,3.6,39,28,4884,320
2,60.0,2544,11,11,1229,4,5.1,4,54.0,830,5,61.2,754,4,43.6,429,3,61.8,347,0,15,3.8,5.1,32,20,5687,453
8,54.5,3346,23,16,1210,5,3.7,4,50.9,992,7,60.2,829,10,54.2,375,2,68.6,376,0,32,6.1,3.7,37,36,5426,298
7,59.8,1619,11,11,949,7,3.9,6,60.2,791,3,53.6,296,1,42.3,238,1,63.9,276,5,26,9.6,3.9,43,31,4280,235
9,56.5,2179,12,8,1304,9,4.1,5,52.4,658,4,55.9,648,4,41.7,336,1,63.9,641,2,16,4.6,4.1,54,40,5245,324
10,60.9,4005,24,13,1405,17,4.8,4,57.0,1191,9,51.2,1132,7,56.5,254,2,61.7,324,3,29,5.3,4.8,40,37,5705,377
3,56.8,2946,13,21,719,4,3.9,5,53.4,1156,7,46.6,749,6,42.5,219,0,60.0,160,1,22,4.4,3.9,25,20,5737,443
4,58.0,2236,10,12,1024,6,3.6,6,57.7,822,2,46.0,679,5,49.1,406,3,62.0,340,2,40,10.8,3.6,31,25,5607,413
5,54.7,1578,8,8,1364,6,4.4,6,51.6,655,5,51.9,276,3,64.7,184,2,63.8,810,5,20,6.8,4.4,35,49,3967,165
4,57.2,2125,12,7,591,0,3.7,1,57.3,1326,5,49.1,762,3,62.3,697,2,51.7,372,5,49,13.8,3.7,42,29,4426,350
7,60.8,3730,19,18,627,2,3.6,4,65.4,1183,6,58.9,926,3,50.0,241,2,63.3,422,2,62,10.4,3.6,27,38,5656,310
1,55.0,1646,8,9,1120,2,3.9,5,53.9,738,5,57.9,549,2,63.5,490,2,56.1,206,0,27,8.8,3.9,36,20,5234,355
2,44.2,1253,3,6,1435,7,4.6,4,40.5,592,4,47.1,301,0,57.6,268,0,53.1,309,1,36,11.9,4.6,26,21,5487,359
2,63.7,1483,7,9,512,7,3.0,2,58.2,669,0,52.8,546,1,47.6,422,0,58.8,302,2,10,4.4,3.0,42,25,5643,419
4,59.5,1632,7,14,1203,9,4.1,6,49.1,926,2,58.1,350,1,51.0,250,0,69.6,306,5,13,4.7,4.1,25,25,5329,361
7,64.3,2688,19,4,1487,15,5.0,4,57.8,1602,8,67.8,1317,9,75.0,51,0,76.6,495,3,17,4.8,5.0,44,44,5544,369
8,53.6,2489,13,15,1184,10,3.5,4,52.6,788,3,50.0,434,3,46.6,430,3,53.3,379,2,41,9.1,3.5,28,42,5033,307
9,58.3,3812,20,16,1175,10,4.5,6,54.6,999,4,51.7,912,9,42.9,322,1,61.8,363,1,33,5.4,4.5,38,28,5069,323
10,62.5,4413,33,15,1709,13,4.4,5,60.4,1413,14,56.2,646,3,64.2,569,3,65.3,538,3,20,3.4,4.4,42,22,5357,326
7,60.7,3640,20,14,1399,12,4.8,4,62.8,1213,8,67.1,1207,5,41.2,154,1,68.1,729,3,54,9.5,4.8,40,30,4845,327
7,59.6,4169,28,14,697,3,4.7,3,54.2,1391,10,45.7,678,3,58.9,422,2,62.0,1203,9,29,5.0,4.7,51,29,5280,354
12,60.0,3430,28,11,1046,9,4.5,4,57.1,1128,11,58.6,606,6,51.3,356,2,59.2,350,4,28,5.6,4.5,43,37,5249,299
1,50.0,1883,11,18,384,3,3.3,2,49.1,907,4,53.5,712,5,57.9,253,0,56.3,766,5,31,8.8,3.3,39,22,4959,440
8,67.7,3429,21,18,1359,18,5.4,0,59.0,1635,6,64.4,1471,9,65.4,734,4,44.0,102,3,20,5.4,5.4,51,25,5494,471
10,57.1,2402,14,14,1139,14,3.7,3,60.2,786,6,59.3,446,4,41.3,393,0,66.7,179,0,23,6.1,3.7,48,41,4636,226
11,62.7,3937,33,16,1521,7,5.2,4,59.7,1437,15,59.6,1274,9,81.8,191,0,58.6,202,1,34,6.7,5.2,31,18,5701,371
5,58.8,3291,17,13,570,4,3.5,6,48.5,963,6,69.7,944,4,46.7,231,1,60.6,152,2,45,7.8,3.5,29,23,5353,338
7,60.9,2025,13,9,1000,8,4.0,6,62.3,1340,8,46.3,523,6,56.8,293,1,52.5,281,4,24,7.4,4.0,66,35,4743,305
12,58.8,3610,22,13,1006,8,4.7,9,62.9,1094,7,52.4,787,8,49.0,272,1,67.6,245,1,28,5.0,4.7,44,31,4546,246
9,55.6,3732,21,25,1204,9,3.8,2,48.3,937,8,45.4,801,3,52.4,370,1,53.3,144,2,13,2.2,3.8,39,35,4820,321
11,58.0,3365,21,13,629,6,7.3,7,56.0,642,7,42.6,569,3,29.4,181,0,62.7,735,3,45,7.3,7.3,50,31,4820,245
7,52.2,1860,11,8,1341,8,3.8,1,57.8,672,4,33.8,273,0,44.2,238,1,50.0,192,3,30,9.4,3.8,39,35,4713,255
6,63.3,4278,31,10,1142,7,4.4,4,66.4,1451,13,61.5,805,7,56.6,524,3,74.5,342,2,24,4.1,4.4,38,21,5709,422
6,62.0,2658,18,19,1242,7,4.5,5,61.8,731,5,57.0,713,6,61.7,264,1,59.6,288,3,33,7.3,4.5,27,29,6391,405
10,54.4,2769,18,13,1133,8,4.6,1,58.2,874,8,49.5,773,1,45.5,232,4,53.7,288,3,37,8.0,4.6,55,41,4800,269
12,62.6,2847,15,13,1509,14,3.7,5,70.8,895,5,54.1,536,0,57.7,289,2,64.2,636,4,24,5.7,3.7,55,30,3813,191
7,62.5,2505,11,15,1318,11,4.0,4,38.2,762,3,67.6,653,2,53.9,548,5,65.3,510,2,20,5.2,4.0,45,33,4474,269
7,57.9,3653,18,14,846,5,3.5,5,56.0,1598,8,53.9,618,2,59.3,518,3,66.7,80,0,29,5.2,3.5,19,24,5685,343
6,61.1,2847,16,14,760,5,3.2,1,48.6,564,2,48.1,548,3,56.9,539,2,61.0,330,3,41,10.1,3.2,37,30,5845,377
8,56.7,3033,15,18,658,3,3.9,1,55.2,1059,7,46.7,560,3,52.2,344,2,64.0,811,2,28,5.7,3.9,45,28,4446,265
2,58.0,2056,12,11,729,4,3.4,5,49.6,904,5,49.5,895,7,57.1,203,0,67.9,590,3,14,4.4,3.4,34,19,5292,420
1,54.3,2931,11,19,665,2,4.0,3,49.5,597,2,53.8,585,1,52.1,492,1,58.9,452,5,26,4.6,4.0,26,36,5943,410
11,57.7,2299,13,10,1183,7,4.3,0,63.7,1071,8,54.9,428,0,54.0,415,4,50.0,148,2,11,2.7,4.3,48,37,4978,203
6,53.9,3216,12,22,1315,10,3.9,5,55.3,819,2,51.1,667,1,46.7,329,1,46.7,148,1,25,4.1,3.9,48,28,4832,309
7,59.9,3040,17,21,554,2,2.8,1,65.1,1097,9,41.7,432,2,64.7,281,1,63.0,153,2,51,10.1,2.8,42,42,5297,319
3,51.1,1072,5,7,1021,3,3.9,1,57.0,834,2,46.4,699,3,43.8,117,1,60.0,141,2,12,6.4,3.9,24,25,4599,338
8,61.0,2827,23,19,701,0,4.2,2,65.7,1343,11,47.4,128,0,50.0,99,0,67.1,566,6,38,7.8,4.2,39,37,4774,339
0,58.1,2392,12,12,685,1,4.8,0,53.5,1154,4,57.9,289,2,46.8,283,0,53.6,409,7,33,8.8,4.8,31,22,5521,424
12,61.6,3921,32,15,1387,9,4.6,5,57.0,918,9,48.1,818,6,53.4,526,2,73.5,322,9,22,4.1,4.6,52,39,4937,266
6,62.7,4131,26,23,1104,9,4.7,6,66.5,1524,15,55.1,345,0,60.7,332,0,64.4,739,8,29,5.0,4.7,40,25,5715,486
6,61.1,3309,19,13,877,9,4.1,3,63.6,1373,8,64.1,1110,6,40.8,234,0,57.1,386,2,57,10.8,4.1,43,24,5070,286
6,56.6,3783,17,24,1555,8,4.8,4,49.3,511,1,39.7,470,3,50.0,247,1,61.9,917,6,39,6.9,4.8,31,26,5304,344
10,65.8,3828,27,9,839,1,4.0,2,65.0,1165,9,66.4,1139,9,51.4,220,0,62.3,298,3,27,4.7,4.0,41,24,5071,327
5,56.4,3464,15,18,1236,10,3.6,8,56.3,1125,6,47.3,811,5,50.0,406,0,58.3,388,4,25,4.6,3.6,41,31,4904,321
14,68.7,4830,36,22,1382,12,5.3,3,60.9,1363,7,62.1,1106,6,72.7,563,5,73.1,431,4,38,6.5,5.3,45,34,4471,273
11,60.7,3290,20,19,968,6,3.1,6,53.3,883,7,61.1,684,3,59.1,674,3,72.0,215,2,27,5.7,3.1,37,28,4608,290
4,64.2,2612,14,13,682,2,4.0,0,53.2,1233,10,56.2,871,6,50.9,309,1,70.4,666,3,33,8.3,4.0,30,18,5666,390
11,63.9,2843,18,12,1157,12,4.0,4,71.1,1199,5,54.3,749,4,58.3,204,1,66.7,133,4,41,9.0,4.0,40,35,5352,272
7,55.9,3832,26,22,1245,6,4.0,8,53.2,1265,9,60.0,1046,5,55.3,277,0,47.6,202,3,50,8.2,4.0,53,30,5070,409
7,57.6,3764,19,16,865,4,5.2,8,51.1,1054,5,55.4,706,3,59.1,659,6,52.0,148,1,36,6.0,5.2,46,28,4975,321
10,59.0,2752,15,14,1513,10,4.5,2,57.8,868,7,60.9,750,1,36.1,203,0,67.9,321,5,18,3.9,4.5,33,39,5153,295
11,57.8,3233,25,12,604,2,3.6,3,58.3,833,8,50.0,586,4,48.8,283,1,60.3,422,6,39,7.3,3.6,44,33,4701,208
13,60.2,3109,14,11,1072,4,4.8,3,55.0,1008,6,64.8,1003,4,54.5,409,2,63.2,98,0,29,6.2,4.8,55,28,4137,212
12,62.7,3538,32,12,1206,4,4.8,1,60.0,1412,16,60.0,585,7,53.8,345,1,62.5,362,3,26,4.9,4.8,32,34,4954,282
5,54.8,2023,7,8,1318,14,4.3,4,53.0,1081,8,50.0,536,1,56.9,400,0,52.5,188,1,38,10.6,4.3,38,27,5206,324
9,60.8,3406,13,11,680,10,4.1,2,58.9,1266,1,61.0,402,1,58.5,314,1,66.0,285,4,44,7.3,4.1,42,39,4653,280
7,61.3,3350,21,12,939,5,3.0,8,64.6,1128,9,48.2,825,7,52.2,329,1,71.4,672,4,37,7.9,3.0,32,24,5515,388
8,53.5,2386,10,10,1432,5,4.0,6,45.5,741,4,62.6,664,4,53.7,293,0,62.1,196,2,29,7.3,4.0,25,34,4846,303
5,53.6,2972,18,20,834,6,4.4,4,42.7,512,1,58.6,400,2,36.2,362,1,54.3,358,1,36,6.4,4.4,21,25,6020,417
8,54.9,2936,16,8,927,7,4.0,4,54.9,838,6,55.1,394,1,46.3,385,3,62.1,455,5,33,7.3,4.0,44,39,5334,314
4,55.9,2084,13,11,1327,6,4.3,8,51.7,869,6,46.2,357,2,46.2,123,0,55.7,836,6,30,9.2,4.3,33,31,5353,354
8,61.5,4359,24,15,1438,13,4.4,11,55.6,1292,10,63.5,1252,9,62.7,509,2,66.7,350,0,54,8.1,4.4,31,19,5189,397
7,58.5,2630,15,14,737,7,3.5,2,55.1,872,3,58.3,823,3,45.2,164,1,52.8,241,4,31,7.5,3.5,51,33,4646,302
2,57.3,1944,13,9,721,6,3.4,5,57.7,1189,6,54.3,656,4,40.4,244,3,60.6,193,3,16,4.8,3.4,35,28,5606,379
2,62.2,3178,16,16,1311,7,4.2,5,50.4,1166,5,65.4,606,6,59.4,492,1,75.0,212,2,24,4.8,4.2,24,20,5265,456
8,61.6,2842,18,18,887,6,3.7,4,57.7,964,7,55.8,703,4,76.0,601,5,54.3,179,3,30,6.3,3.7,28,29,5348,320
2,50.8,1555,7,8,975,5,3.8,3,50.8,908,6,47.3,733,6,62.9,218,1,76.7,294,1,34,12.0,3.8,24,30,5267,329
8,66.7,3214,15,15,1508,15,5.5,5,60.5,1027,5,67.0,903,2,66.0,525,2,69.3,686,3,34,7.2,5.5,40,22,4826,344
3,50.1,2294,12,16,1021,4,4.4,0,46.8,595,5,45.1,541,3,44.6,322,1,39.7,339,3,8,1.8,4.4,33,24,6117,451
12,61.9,3658,27,16,1240,7,4.3,4,61.9,1064,9,52.8,817,2,46.0,319,1,76.1,442,7,26,4.5,4.3,43,45,4985,328
4,52.5,2592,9,15,529,3,2.7,3,42.5,697,6,50.6,483,1,53.8,286,0,63.8,613,3,76,14.6,2.7,35,21,5230,356
10,66.3,4200,27,19,989,2,3.6,4,69.8,1722,11,68.1,716,4,52.4,462,3,62.3,478,6,23,3.7,3.6,36,27,4909,313
6,58.9,2788,17,7,1314,8,4.6,3,58.4,1027,7,59.5,525,1,37.5,187,2,64.2,461,4,34,7.6,4.6,35,27,5335,315
8,61.1,3690,26,13,1615,21,5.2,1,57.6,906,2,52.6,420,8,45.3,397,1,63.6,773,7,26,5.2,5.2,33,31,6248,399
11,67.6,4689,26,10,962,7,5.3,0,61.3,1211,7,63.8,930,2,72.9,688,9,86.5,409,2,36,5.5,5.3,42,31,4979,304
8,60.8,3284,17,16,1683,14,4.5,3,60.6,852,5,53.8,623,2,56.7,268,1,59.2,510,1,24,4.4,4.5,39,27,6034,367
6,64.5,1826,14,6,953,8,4.5,4,56.9,1302,4,60.8,1075,7,61.4,466,4,70.8,419,2,12,5.3,4.5,38,26,5025,369
7,61.3,2024,14,9,1853,16,4.8,7,52.0,734,3,61.7,528,2,55.2,228,0,57.4,485,4,13,4.3,4.8,47,30,4656,301
6,60.7,3853,18,23,1296,5,5.1,4,57.3,1347,7,62.5,689,4,40.6,176,3,74.0,393,1,47,7.9,5.1,27,23,5769,442
9,62.1,3764,28,14,982,6,3.9,2,68.8,890,3,50.8,824,5,63.2,489,2,67.5,253,7,31,4.9,3.9,34,29,5377,346
9,53.6,3572,27,15,1388,13,4.3,4,59.1,1312,7,60.9,594,8,53.8,523,4,41.9,143,2,36,6.4,4.3,39,38,5796,388
10,61.5,4073,19,14,1387,11,4.6,9,61.2,1343,8,57.4,386,2,61.1,377,2,57.8,894,2,24,4.2,4.6,36,25,4949,279
8,68.9,3120,22,6,1094,7,4.2,0,66.4,1264,5,63.8,691,9,57.7,433,4,63.6,243,5,22,5.2,4.2,28,23,5463,336
7,58.4,2289,17,6,1029,5,3.8,3,53.1,798,7,48.6,635,6,57.5,600,4,62.7,398,3,28,7.2,3.8,56,38,4754,241
7,62.1,2836,20,16,762,4,3.9,2,70.0,1329,12,54.2,1325,7,72.3,489,2,72.2,66,1,26,6.5,3.9,50,36,4835,345
10,62.1,3344,21,10,972,8,4.5,4,62.9,1300,13,66.1,756,5,58.2,332,1,55.4,321,0,17,3.1,4.5,32,27,5158,351
5,63.7,3075,15,10,1175,16,4.0,3,55.3,1240,5,55.4,877,4,69.4,619,0,67.2,508,2,26,5.8,4.0,28,30,5852,369
10,62.3,3049,22,6,718,1,3.5,3,53.5,1088,5,60.4,670,6,71.2,423,4,70.8,329,2,21,4.4,3.5,43,38,4044,196
11,61.2,3387,22,15,1165,12,3.4,1,63.2,1012,5,51.6,478,2,59.4,460,4,60.6,346,2,21,4.1,3.4,40,29,4964,324
2,51.5,1539,9,8,820,7,4.0,4,50.4,1006,8,57.0,773,4,51.2,256,2,38.5,146,2,18,7.3,4.0,40,26,4787,365
3,56.7,2247,13,15,830,0,3.6,3,61.2,1377,8,45.5,438,1,37.8,208,2,61.8,517,3,19,4.9,3.6,21,23,5504,452
1,56.0,1655,8,12,779,11,4.0,3,45.4,838,3,48.1,368,2,39.1,121,0,55.0,552,3,19,7.3,4.0,36,31,6108,422
5,51.8,1260,7,9,2066,14,5.3,8,43.3,632,3,50.0,451,6,48.3,170,0,50.9,693,3,17,7.1,5.3,47,41,4341,281
6,58.2,2860,11,12,1356,10,4.1,7,52.9,780,1,65.1,732,4,55.8,588,2,68.0,339,1,49,9.4,4.1,38,18,4313,279
10,59.2,3219,19,16,1444,8,4.5,3,62.0,1110,7,54.0,837,3,51.9,389,4,58.6,199,0,23,4.9,4.5,40,26,4725,304
2,50.2,1418,7,12,1024,6,4.2,1,49.5,715,4,45.8,583,3,51.2,361,1,62.0,433,2,25,9.1,4.2,18,20,4947,346
8,62.3,3591,26,15,957,9,4.5,0,58.4,1355,10,64.8,819,7,46.8,299,4,80.0,332,2,37,6.6,4.5,30,24,5620,384
2,63.9,1797,10,12,559,1,3.9,5,66.7,729,2,64.5,576,5,48.1,516,3,58.1,134,0,21,6.5,3.9,34,22,4959,322
10,57.8,3302,17,21,972,5,3.5,4,54.2,754,5,41.0,672,2,47.0,550,2,64.8,347,1,37,6.8,3.5,32,25,4056,260
9,62.6,2182,15,7,1591,14,5.5,3,64.9,845,3,45.7,628,2,55.9,195,0,66.0,770,8,14,4.4,5.5,36,20,4433,301
5,55.8,2880,17,22,606,3,3.8,2,45.4,449,4,45.0,397,2,54.8,325,2,60.7,434,2,9,1.6,3.8,28,28,5360,379
10,65.4,3361,32,21,1883,15,5.3,7,55.4,716,9,60.5,621,2,63.3,520,4,68.2,241,4,19,3.9,5.3,34,32,5101,307
3,56.6,2013,9,13,1031,8,4.3,4,55.5,976,4,38.7,460,4,59.6,402,2,61.5,355,3,15,4.8,4.3,19,22,6082,380
12,67.0,4267,29,10,1259,11,4.1,5,66.2,1272,10,63.6,838,7,69.2,456,3,70.2,541,3,18,3.1,4.1,31,30,4789,336
5,57.2,2819,14,16,1572,6,4.6,6,48.2,805,4,56.5,487,3,53.6,203,2,63.0,281,1,19,4.3,4.6,24,27,4657,331
13,63.1,4039,24,12,1420,27,4.4,1,56.6,853,5,54.3,740,4,66.7,423,1,67.0,916,10,20,3.7,4.4,36,37,5707,332
2,55.6,1274,6,4,678,4,4.3,2,50.8,869,2,55.3,567,2,49.1,361,1,57.4,250,1,17,7.0,4.3,25,25,5904,379
2,57.6,2108,11,15,1645,13,5.3,2,60.9,880,7,39.4,278,2,58.1,244,3,57.1,389,2,21,5.6,5.3,30,20,5593,441
12,63.2,3845,22,22,818,10,3.9,0,63.9,1696,12,58.0,981,5,62.7,495,3,64.4,238,2,37,6.5,3.9,41,46,5052,328
7,57.0,2138,11,13,1372,9,3.5,7,49.2,963,11,44.1,359,0,53.5,285,2,59.0,598,2,19,5.7,3.5,44,36,4787,261
7,65.0,3479,25,11,745,5,4.3,2,64.5,1632,17,54.3,522,4,50.9,455,2,78.0,401,4,37,7.5,4.3,37,35,5356,353
14,60.2,3620,23,12,642,3,3.5,1,54.8,803,3,63.0,510,6,66.7,472,4,60.3,409,4,32,5.7,3.5,41,41,4666,238
8,59.1,3546,24,8,1641,8,4.7,6,60.0,973,10,55.0,578,4,45.5,485,3,66.1,436,5,34,6.2,4.7,32,27,5234,326
4,56.8,3110,13,16,1216,2,4.4,9,41.4,1057,5,58.8,608,6,50.0,309,0,68.6,535,2,28,5.3,4.4,45,22,5320,387
4,63.6,2139,13,12,1308,2,4.0,2,63.2,1105,10,45.1,640,2,61.4,289,1,69.0,356,4,25,7.8,4.0,35,20,5319,299
12,57.5,3216,16,11,613,7,5.2,3,41.9,575,2,53.3,558,1,59.3,498,2,58.7,321,1,43,8.3,5.2,38,26,5307,287
6,57.4,3414,18,17,811,7,3.3,5,60.9,1163,10,48.4,860,4,66.1,364,1,43.5,138,1,41,7.3,3.3,35,25,4783,327
5,57.4,2704,18,13,1024,6,5.1,5,54.8,1102,9,55.3,595,7,55.6,396,2,66.0,437,1,21,5.1,5.1,42,37,4928,337
10,61.0,3841,26,15,1435,14,4.4,4,52.3,1137,9,54.6,896,4,69.3,637,6,74.2,492,4,42,7.6,4.4,40,28,5239,327
7,62.1,3811,26,21,751,0,4.0,4,60.4,1174,8,60.8,600,3,71.7,432,2,53.7,244,1,20,3.4,4.0,36,33,4466,264
10,62.5,3215,24,7,1031,5,3.3,1,71.4,1303,8,57.3,813,7,59.3,504,4,70.7,381,3,19,4.5,3.3,38,34,4901,324
4,53.1,2166,14,9,600,1,4.2,1,51.6,1204,6,51.3,600,5,49.1,360,6,52.9,89,0,30,8.2,4.2,26,30,5412,372
6,57.1,2511,11,10,937,9,3.5,4,50.4,780,8,53.8,623,1,48.0,537,1,60.8,426,2,31,7.1,3.5,38,30,5141,322
11,56.4,2313,14,12,1106,9,4.2,3,42.5,575,3,53.6,370,2,69.7,258,2,64.9,774,6,46,12.5,4.2,48,32,5207,337
9,55.6,2559,13,11,1006,7,4.3,2,42.5,421,0,57.4,373,1,54.2,323,2,61.4,303,3,35,7.0,4.3,39,34,4803,268
9,56.9,2932,20,16,1128,13,4.0,4,57.9,1043,5,64.9,843,9,44.4,153,0,56.7,203,5,37,7.6,4.0,45,39,4228,284
7,58.2,3886,29,15,821,6,3.8,1,58.1,1405,16,51.1,754,5,48.6,497,0,58.6,323,3,33,5.8,3.8,34,38,5382,339
1,57.1,903,4,3,948,7,4.0,2,46.7,699,1,47.2,481,0,34.1,225,2,49.0,282,1,23,12.5,4.0,34,29,5390,331
6,60.9,2897,18,18,1454,12,4.0,4,55.9,1274,9,67.6,978,4,62.0,378,3,63.6,201,4,25,5.5,4.0,37,36,5365,372
3,57.1,1731,10,9,744,2,3.7,6,58.5,806,2,45.7,416,2,68.4,168,0,66.7,287,5,24,8.7,3.7,32,28,5215,390
5,60.0,3532,17,20,819,7,4.2,3,56.5,981,6,63.2,400,2,80.0,162,1,71.3,980,6,34,6.4,4.2,33,22,5285,405
10,58.2,4089,27,20,1240,6,4.5,5,58.1,1144,7,53.5,1084,7,58.5,385,1,66.7,572,2,15,2.8,4.5,37,20,4459,304
6,56.0,3047,19,12,1133,5,4.7,2,45.8,817,8,54.4,533,3,50.0,260,1,53.9,377,1,36,6.9,4.7,38,24,5401,350
10,64.1,4088,30,17,1163,7,4.5,7,61.8,1382,12,61.3,1208,9,49.0,367,1,68.0,361,7,12,2.2,4.5,40,15,5541,380
7,61.2,3531,16,14,1188,13,3.9,4,57.2,1142,6,60.3,632,2,74.4,415,1,51.5,178,1,49,9.5,3.9,24,30,5458,339
12,67.6,4557,49,10,1548,9,4.6,6,67.0,1210,12,61.9,1113,15,66.7,1077,10,64.1,423,5,13,2.5,4.6,45,36,5929,351
8,60.5,2941,15,10,1224,2,4.7,3,54.0,1172,6,62.5,533,1,54.3,271,2,63.6,157,0,25,5.4,4.7,36,28,5134,280
7,66.4,4591,27,17,892,14,4.6,4,58.5,1086,8,69.6,795,3,65.8,230,0,68.9,1258,7,32,5.4,4.6,41,21,6037,435
3,56.3,3495,21,20,425,3,3.8,1,47.1,998,9,71.4,679,6,41.8,551,2,56.3,313,2,25,4.6,3.8,25,18,5936,442
11,65.5,3159,27,7,1335,17,3.9,6,66.2,690,4,53.4,393,1,62.1,310,3,71.1,964,13,18,4.3,3.9,29,33,5360,313
8,66.2,3964,21,14,774,3,4.0,2,69.6,1372,10,60.1,1292,6,54.4,494,3,71.4,174,1,41,7.8,4.0,33,15,5353,392
3,53.7,1893,11,15,523,6,4.0,1,49.3,898,7,47.6,638,1,47.9,359,4,61.9,791,4,23,6.1,4.0,36,25,4894,354
8,69.2,4717,39,11,544,2,4.4,2,66.7,1006,9,57.0,767,13,59.5,657,8,77.2,705,4,46,7.7,4.4,39,22,5902,395
14,60.8,3692,28,14,1635,12,4.7,5,52.8,874,3,46.3,800,7,68.6,454,4,62.5,364,7,26,5.2,4.7,45,36,4972,260
8,57.0,3810,21,16,1074,9,4.0,5,61.4,1399,11,54.7,767,5,50.7,581,1,44.0,362,2,41,7.0,4.0,37,33,6141,405
5,62.8,2054,6,4,1518,13,4.7,5,47.7,747,0,60.5,437,0,66.7,182,1,62.9,666,6,39,12.3,4.7,40,28,5187,347
8,65.4,2673,16,9,1697,12,4.6,2,57.7,838,5,62.2,770,4,57.4,397,1,62.1,182,4,18,4.6,4.6,37,33,4878,261
13,64.0,3875,31,8,812,3,4.6,1,60.6,1200,14,57.1,676,1,48.9,377,2,63.0,377,5,32,6.4,4.6,47,28,5115,260
13,66.4,2621,17,11,941,13,3.8,1,74.1,1004,4,59.3,698,5,68.3,601,3,45.0,89,3,30,9.2,3.8,41,32,4134,251
1,60.9,2169,10,10,822,7,3.4,2,55.3,641,3,48.3,565,6,50.7,403,3,70.1,825,2,37,10.2,3.4,29,21,5481,452
7,58.9,3382,22,15,1696,16,4.8,5,55.8,1199,7,67.9,499,2,46.3,495,2,66.0,349,3,30,6.0,4.8,35,35,5621,373
4,69.3,2632,20,12,926,7,4.2,6,65.6,1193,7,62.3,416,5,73.0,333,2,70.9,345,3,26,7.2,4.2,45,27,4552,304
2,61.1,2486,18,10,1067,6,4.9,6,55.6,1247,11,60.8,1168,7,48.8,278,1,61.1,329,1,30,7.8,4.9,32,30,5724,439
3,62.1,1665,10,11,1315,5,3.8,5,53.6,950,1,48.1,650,5,81.0,203,0,58.7,314,6,23,7.8,3.8,40,26,4281,265
2,64.5,2713,11,9,451,0,2.9,4,62.4,1409,10,59.6,1402,7,55.6,432,1,65.1,270,1,23,5.8,2.9,37,26,4729,387
8,55.3,2412,15,13,1416,3,5.1,3,61.7,611,2,50.7,508,3,42.0,446,3,55.1,877,5,33,7.9,5.1,37,29,5200,341
4,58.4,1799,11,12,906,3,3.4,5,62.8,1073,3,50.6,471,2,35.5,132,2,65.8,855,7,23,7.3,3.4,42,26,4549,299
4,67.4,1509,10,8,1247,5,3.8,1,62.8,816,4,52.2,743,7,60.4,449,2,65.5,139,0,17,6.9,3.8,38,30,5496,367
11,60.2,3421,24,16,879,2,4.3,2,68.7,1563,12,50.0,441,4,45.5,282,2,65.7,202,2,28,6.0,4.3,45,42,4522,259
10,51.6,1869,9,13,1335,9,4.3,2,47.1,750,4,56.4,346,2,52.0,246,0,49.0,229,2,30,7.5,4.3,40,34,4509,202
11,67.8,3836,32,12,1458,12,4.3,1,62.6,1432,9,67.8,956,7,62.0,422,6,72.0,193,1,19,3.6,4.3,28,44,5419,350
4,59.8,2321,11,12,1232,2,4.0,6,56.1,1009,4,54.2,512,3,54.5,441,2,71.7,401,3,23,6.5,4.0,23,23,5069,301
9,60.1,3639,23,17,993,5,3.9,4,52.1,1136,7,57.7,839,6,62.9,341,2,74.2,757,6,49,8.9,3.9,37,26,4814,308
13,60.7,3366,18,7,1014,12,4.2,2,67.5,1105,6,47.7,770,1,58.3,203,0,63.8,481,0,22,4.6,4.2,28,36,5006,258
4,57.0,2021,12,12,664,5,3.6,2,47.9,687,8,56.3,417,0,50.9,350,1,58.2,516,3,24,6.8,3.6,31,31,5158,345
4,61.3,3881,20,29,582,6,4.1,4,58.9,1221,5,57.0,549,4,47.4,366,3,60.0,294,2,24,3.8,4.1,34,21,4690,344
2,60.5,2488,14,11,976,2,4.2,2,55.3,688,2,61.1,492,2,51.5,436,5,68.6,168,0,68,13.8,4.2,37,16,5824,431
14,67.3,3747,28,10,1506,13,4.2,2,61.2,1146,12,68.0,1055,5,61.2,543,1,71.2,488,4,17,3.6,4.2,45,31,4913,247
8,57.9,2123,15,5,787,3,4.1,0,54.7,1023,6,55.4,681,7,55.6,445,0,69.2,157,1,23,7.1,4.1,47,28,4655,269
10,62.5,4014,17,10,1750,20,5.2,5,63.0,1102,5,62.1,533,3,66.7,436,3,67.2,905,2,32,5.9,5.2,28,31,5249,325
4,53.5,3759,20,12,1025,9,3.8,2,48.8,1005,8,53.5,942,5,51.4,554,3,50.0,303,3,39,6.5,3.8,35,19,5292,383
9,64.6,3576,24,15,1462,18,4.3,3,64.8,917,9,71.3,725,3,65.1,352,1,63.6,1101,10,27,5.1,4.3,46,20,4948,312
2,66.9,2297,14,9,1046,8,4.1,3,62.6,1331,9,61.9,801,6,50.7,525,3,65.0,129,1,26,8.3,4.1,41,27,5602,429
9,52.0,2996,18,13,907,4,4.4,4,49.4,1118,11,45.3,686,3,55.8,434,0,57.7,582,5,26,5.0,4.4,49,31,5078,317
7,62.6,1885,12,4,662,1,4.3,2,55.6,604,4,54.4,515,5,46.2,372,2,75.0,568,1,23,7.3,4.3,34,35,5173,344
10,63.0,4110,26,14,733,12,3.5,1,62.4,998,5,61.5,738,2,55.9,332,3,53.7,441,4,26,4.7,3.5,33,18,5283,338
3,55.7,2882,13,17,659,3,4.0,2,54.3,945,7,47.6,654,1,58.6,489,2,62.5,396,1,33,7.1,4.0,25,19,4994,398
11,52.8,3762,24,17,1860,9,5.2,1,45.8,1214,7,55.0,684,7,40.0,186,0,53.7,891,7,28,4.8,5.2,41,37,5240,314
2,56.4,1558,7,6,735,5,3.3,2,55.3,845,5,42.2,713,2,59.4,251,0,58.0,324,1,32,10.7,3.3,30,28,4940,355
4,59.1,2507,16,9,617,3,4.0,0,51.1,763,6,54.4,571,4,45.7,561,1,57.0,682,3,19,5.1,4.0,29,27,5206,388
9,62.7,2385,17,9,1202,4,4.7,4,60.5,975,11,50.7,558,1,49.1,451,0,75.0,459,6,23,7.9,4.7,47,30,4544,258
2,50.9,875,1,11,608,3,4.8,2,44.0,733,5,59.3,363,3,47.7,288,0,50.0,54,0,29,14.9,4.8,28,26,6259,428
13,65.5,3459,24,9,1880,27,5.1,5,69.1,778,3,65.5,694,10,69.1,482,3,66.2,554,5,24,5.1,5.1,49,27,5069,271
6,61.0,2035,10,7,1178,6,4.1,3,54.6,1287,10,58.2,372,0,66.0,282,1,67.2,367,2,29,8.5,4.1,36,30,4444,274
4,61.3,3161,16,11,851,5,3.8,4,53.2,738,4,48.9,299,2,48.8,289,1,76.4,543,2,20,4.0,3.8,41,20,5110,421
9,57.7,3050,23,10,1516,11,4.3,3,62.7,1483,9,41.5,217,0,46.7,194,0,68.9,774,7,27,5.6,4.3,35,28,4767,293
4,56.8,2547,11,12,1159,6,3.4,3,54.6,1203,4,62.2,946,6,54.1,740,4,69.6,161,0,21,5.3,3.4,38,33,5591,389
7,52.6,2474,20,13,1140,4,4.0,1,46.2,506,0,47.0,436,7,41.2,430,1,54.4,780,8,45,10.4,4.0,37,26,5325,328
13,63.0,3050,16,12,1132,9,3.6,4,59.3,939,5,60.7,750,2,48.9,396,2,62.9,765,6,14,2.9,3.6,59,40,4225,201
7,62.5,3051,19,14,990,6,3.8,4,59.9,1292,8,70.8,410,2,62.8,402,3,59.0,233,3,47,9.9,3.8,37,24,5273,311
7,61.0,2805,17,11,897,3,4.0,4,59.7,1166,8,54.7,815,4,54.9,357,3,63.6,170,1,22,4.9,4.0,41,22,4737,305
13,54.6,3193,23,20,1210,6,4.1,1,51.3,863,5,50.0,775,6,39.3,303,2,56.3,626,6,21,4.2,4.1,39,44,4706,255
8,62.3,4035,28,13,1309,12,3.8,6,57.2,1369,7,68.2,1081,9,48.0,605,9,63.6,254,1,36,6.5,3.8,35,31,5681,331
4,64.1,2454,10,17,758,4,3.4,5,48.8,884,6,61.5,495,3,48.9,228,0,74.2,875,3,44,10.1,3.4,28,27,5515,356
6,65.3,2903,19,13,1084,4,4.1,1,56.7,1180,13,63.1,1047,6,75.0,516,4,71.1,754,1,21,5.9,4.1,34,31,5165,350
7,55.2,1994,11,13,1025,2,4.4,5,54.8,1084,8,55.3,512,3,54.1,309,2,48.6,286,4,18,5.4,4.4,35,30,5220,305
3,62.4,4208,21,22,689,6,3.8,5,54.3,1310,7,67.1,1086,6,56.0,164,0,65.6,308,4,63,9.6,3.8,30,30,5530,398
8,56.0,3885,18,18,1059,5,4.0,4,53.2,1295,8,43.3,632,3,48.8,358,1,47.2,232,0,21,3.3,4.0,46,33,5134,366
6,68.3,2767,11,12,612,5,4.1,1,63.2,1147,5,73.1,557,1,81.0,160,0,66.7,352,5,41,8.5,4.1,28,22,5400,366
12,65.0,4397,31,9,1081,7,4.8,2,64.2,1366,12,62.8,1310,9,72.7,85,1,69.8,377,0,14,2.5,4.8,25,26,5316,360
5,60.2,1735,10,9,1146,5,5.0,3,53.9,643,4,57.1,616,4,48.6,524,2,61.9,353,3,20,7.7,5.0,31,24,4538,274
5,60.7,1878,11,1,1789,17,4.3,2,52.5,860,5,60.3,561,1,65.0,204,2,70.2,900,5,16,6.2,4.3,32,30,5262,315
2,53.3,1677,3,13,659,1,3.7,1,69.7,727,1,43.8,553,3,42.9,299,0,49.1,293,0,46,14.3,3.7,34,23,4557,332
14,61.7,3388,22,9,1815,28,5.2,2,68.6,659,0,48.2,453,6,70.6,437,0,59.2,924,9,27,5.5,5.2,61,28,4825,303
8,62.9,4301,24,8,1528,13,4.4,4,52.0,1188,10,58.7,1098,3,70.2,479,4,58.8,226,1,49,7.7,4.4,33,32,5362,381
5,57.5,2236,12,15,1008,5,4.2,4,61.1,747,6,67.0,687,1,38.3,677,4,64.6,640,3,15,3.7,4.2,47,27,4625,283
6,61.5,2750,9,15,1216,6,4.0,5,65.5,651,3,48.7,455,0,50.0,381,4,68.7,386,1,29,6.2,4.0,30,36,4803,327
12,61.8,3529,24,12,812,13,4.1,2,59.8,760,4,57.3,384,4,68.4,152,3,53.8,643,3,26,4.8,4.1,44,35,4710,237
10,64.3,4418,26,11,1057,10,4.3,3,60.9,1038,8,59.3,745,5,60.7,679,4,62.1,164,0,18,3.1,4.3,38,19,4917,322
8,57.7,3244,24,18,1662,5,5.1,3,54.3,988,10,74.4,360,3,45.8,253,2,57.4,623,7,25,4.6,5.1,32,28,5479,362
10,64.5,3352,17,16,650,4,4.3,3,59.9,1098,6,65.6,961,6,57.5,347,1,68.9,300,4,30,5.8,4.3,35,25,5306,295
5,57.0,2647,18,6,1217,7,5.1,2,52.3,816,8,54.3,725,5,52.4,464,2,66.7,611,5,21,6.2,5.1,40,29,5249,328
7,59.7,3513,18,23,1494,13,4.4,7,58.7,975,6,57.0,824,2,50.7,624,4,61.8,393,5,46,8.9,4.4,39,29,4805,315
7,58.1,2890,16,16,1695,8,5.4,6,44.0,733,3,69.4,686,3,25.8,150,1,69.4,292,2,35,7.3,5.4,34,27,5507,412
7,56.6,2442,18,15,896,7,3.6,6,56.3,956,10,52.5,725,4,68.2,610,4,45.8,231,4,34,8.4,3.6,41,26,5285,341
3,54.0,1661,9,9,798,1,3.5,3,43.4,1057,7,50.8,356,1,61.8,339,2,66.0,250,3,25,7.1,3.5,25,20,5271,353
8,51.5,2199,12,13,1211,7,4.5,3,46.9,737,3,56.9,461,2,50.9,384,4,51.8,370,2,25,6.5,4.5,26,28,5915,400
3,62.3,1789,8,4,1154,4,4.7,6,54.5,790,6,40.4,365,0,50.8,351,3,60.0,734,6,12,4.4,4.7,19,12,5688,376
5,62.3,3417,27,17,1222,7,3.8,5,59.9,1409,10,71.7,853,9,52.3,528,2,67.6,238,5,20,4.2,3.8,36,29,5283,399
3,61.8,2215,7,8,720,4,3.2,2,60.6,1202,6,62.4,532,4,50.0,437,1,60.0,444,5,32,8.4,3.2,25,28,5688,414
2,61.1,1743,9,10,1207,7,4.1,4,62.8,1087,5,53.9,531,0,46.2,326,3,65.4,246,1,24,8.0,4.1,32,23,4825,384
5,56.1,1630,7,8,1115,7,4.0,2,48.7,849,5,58.0,578,0,60.3,352,1,65.8,248,3,12,4.3,4.0,26,30,5807,354
2,54.7,952,5,6,876,3,3.5,7,58.8,1002,7,50.7,517,4,46.4,332,0,57.5,406,2,9,5.0,3.5,23,30,5197,347
3,61.5,1803,10,12,674,4,3.4,3,55.5,951,5,49.4,570,3,53.1,165,0,65.7,545,4,15,5.4,3.4,41,33,5675,348
7,64.9,4131,26,20,763,7,4.3,3,57.8,1440,8,66.3,1143,12,55.3,343,2,74.1,211,0,17,2.9,4.3,22,35,5580,385
10,56.5,3787,29,19,1304,9,4.4,4,51.9,1289,16,61.7,614,3,36.4,117,1,55.4,1106,5,14,2.6,4.4,28,27,5753,382
13,64.4,4211,36,19,975,10,4.8,3,57.4,1355,15,61.7,697,7,51.4,314,1,68.1,1145,7,24,4.4,4.8,46,29,4922,325
7,63.6,3497,20,14,729,1,5.2,2,60.0,1325,7,56.3,635,5,52.0,287,0,75.4,549,5,27,5.5,5.2,33,30,5376,409
7,63.3,4068,18,20,581,8,3.8,2,62.2,943,6,61.0,838,5,51.6,756,4,58.6,252,0,51,8.3,3.8,37,35,6042,444
13,66.5,4155,28,15,956,8,5.1,1,67.2,1048,2,63.1,920,12,58.8,676,2,76.2,575,6,15,2.7,5.1,35,28,5013,291
4,66.4,2241,9,9,773,6,4.0,1,69.8,851,8,61.3,800,4,52.4,583,3,67.0,768,3,16,5.2,4.0,31,25,5507,384
13,65.4,4040,31,14,1072,12,4.1,0,66.7,1510,10,72.5,576,3,62.5,247,1,57.4,616,11,21,3.9,4.1,28,37,4475,262
9,64.0,2509,18,3,1202,5,5.4,2,63.3,629,10,60.3,601,4,60.8,518,3,64.9,391,2,21,6.1,5.4,37,30,5021,304
4,62.0,2257,11,13,559,3,3.5,1,60.3,995,5,49.1,313,1,58.5,298,2,64.7,1172,5,36,9.8,3.5,36,22,5111,335
2,58.1,1331,5,5,1009,4,4.5,3,56.7,717,4,43.1,705,6,66.7,102,1,64.7,444,3,21,10.1,4.5,27,26,5466,398
11,60.2,3152,21,15,1474,15,4.7,0,51.3,623,3,58.8,188,1,53.8,97,0,64.1,984,9,22,4.6,4.7,41,48,5124,284
2,58.5,2392,11,15,1002,5,4.2,5,62.4,1189,7,54.5,733,4,45.2,375,3,58.2,429,3,37,8.9,4.2,31,27,5457,438
1,56.0,1773,6,6,602,4,5.1,0,47.6,556,1,47.9,420,2,49.2,373,2,66.7,303,2,25,7.5,5.1,30,22,5475,437
8,58.2,1911,9,12,1341,12,5.6,4,64.3,647,3,58.5,396,4,52.5,391,1,62.8,323,1,19,6.1,5.6,37,31,5410,311
16,68.9,4806,50,8,835,6,4.5,0,61.3,1493,23,77.2,1175,8,61.3,697,3,73.5,389,6,21,3.5,4.5,47,31,4613,274
7,67.5,4423,28,18,581,4,3.7,8,68.5,1202,11,62.1,792,3,46.5,409,3,76.2,378,2,16,2.4,3.7,31,23,5570,388
10,56.1,3336,23,20,1009,4,5.0,5,49.6,1025,12,56.7,760,3,56.8,225,0,61.3,619,3,27,4.9,5.0,53,25,4880,351
1,68.8,1765,10,9,1119,1,3.6,2,64.6,1130,2,61.8,646,6,47.8,325,2,67.2,409,3,26,9.1,3.6,29,21,5310,355
8,61.5,3324,19,7,1333,7,4.8,2,57.0,1110,6,55.0,780,4,69.7,267,2,51.2,236,1,44,8.5,4.8,37,19,4982,300
10,65.3,3154,32,11,1316,2,4.1,4,61.2,942,8,62.8,732,7,52.7,450,5,77.0,566,7,47,10.4,4.1,36,25,4262,269
1,51.6,1166,7,12,1102,5,4.2,4,48.1,600,5,44.2,497,3,37.0,115,0,61.2,509,4,27,11.0,4.2,31,22,5539,364
10,62.6,3966,28,12,716,4,3.5,2,70.1,1147,6,52.1,694,9,57.6,661,4,80.0,273,2,33,5.5,3.5,45,34,5149,291
8,63.9,2440,13,4,898,10,4.0,1,58.2,1014,6,72.1,722,1,55.0,301,0,60.4,385,3,19,5.5,4.0,33,35,4451,270
9,62.3,2546,9,17,1110,7,3.7,5,64.7,750,2,59.1,719,4,61.5,342,0,59.0,421,1,25,6.1,3.7,40,34,4665,297
6,60.0,2700,12,11,1262,11,3.9,6,53.0,808,3,66.2,728,1,71.0,256,1,60.0,786,8,21,4.8,3.9,33,24,4884,310
9,67.1,4583,30,14,514,3,3.9,2,62.3,1431,12,70.1,1038,11,68.1,1006,3,61.1,104,0,26,4.2,3.9,31,30,5304,426
11,61.1,3440,16,11,1699,17,4.5,3,59.5,1382,7,61.7,777,3,59.0,320,1,65.2,159,2,17,3.8,4.5,34,18,5566,325
11,60.0,2971,14,12,902,10,3.9,4,66.1,1037,5,50.0,695,3,56.5,180,1,54.7,403,3,32,7.0,3.9,34,34,4177,244
7,65.5,2699,11,10,1036,8,4.1,2,61.8,1017,3,70.0,597,1,53.3,232,1,57.9,351,1,23,5.8,4.1,24,22,5217,342
12,59.4,3288,15,12,1515,18,5.5,0,60.5,1421,6,60.7,923,5,46.4,181,0,58.1,209,1,20,4.6,5.5,37,25,5299,329
9,58.5,2972,18,12,1238,8,3.9,1,56.0,665,3,52.2,445,2,52.0,364,2,65.9,574,5,27,5.5,3.9,28,32,5355,350
4,59.4,1905,8,9,747,2,3.5,2,67.2,904,4,54.6,540,4,41.3,220,2,73.8,207,0,38,9.3,3.5,17,24,5208,364
3,50.2,1615,9,8,1002,4,3.6,2,39.9,873,3,46.3,182,0,37.8,170,1,51.8,428,3,14,4.7,3.6,17,31,5704,350
8,61.3,3448,26,14,885,7,3.7,7,49.3,1052,10,55.7,550,4,56.5,278,3,66.9,952,4,20,4.3,3.7,59,22,4709,365
8,62.3,4526,25,18,343,5,5.0,0,57.5,1265,6,70.5,980,5,57.0,528,3,65.6,645,3,11,1.8,5.0,25,13,5993,448
0,56.1,1616,8,8,976,8,4.1,2,52.0,1331,12,52.2,332,1,44.1,244,0,63.9,260,1,14,5.2,4.1,30,20,6470,517
6,63.6,4038,28,13,1203,4,3.9,4,57.1,1292,9,63.8,1012,5,61.1,366,2,78.0,303,5,34,6.0,3.9,27,28,5349,380
6,66.1,3043,15,10,1282,9,4.8,3,67.3,1575,8,63.2,899,8,65.5,241,2,69.3,862,2,23,5.7,4.8,25,22,5385,394
12,66.8,4002,27,12,544,5,3.5,1,62.6,1145,6,72.2,664,4,56.1,636,5,72.0,848,6,14,2.5,3.5,30,26,4975,298
5,62.6,3620,15,13,824,12,4.2,6,60.7,761,2,64.7,545,2,58.7,364,3,55.4,489,2,42,7.3,4.2,29,17,5295,367
1,54.8,2608,18,12,874,5,4.5,5,54.8,1022,7,51.5,247,1,41.2,83,0,61.9,1058,10,26,5.8,4.5,10,29,6291,440
5,53.8,2423,13,8,853,1,3.9,3,52.4,366,4,46.9,226,2,24.4,197,2,65.1,778,1,31,7.8,3.9,31,24,5775,388
8,65.3,4009,34,11,1110,11,3.8,1,58.4,1098,7,73.0,465,4,50.8,462,5,65.2,704,8,25,5.0,3.8,27,24,5599,347
2,57.0,2720,11,13,1042,7,4.1,5,53.8,796,3,52.0,674,3,48.9,271,2,52.4,139,0,38,7.9,4.1,30,26,5950,465
11,67.4,3653,19,7,916,10,4.3,1,60.2,790,2,66.3,613,2,72.0,554,1,64.2,454,7,24,4.8,4.3,39,30,5264,317
8,59.1,2157,12,15,1760,10,4.8,9,50.5,964,7,59.6,645,2,48.4,141,4,71.2,596,7,29,8.8,4.8,45,25,4679,333
10,63.4,3693,21,11,727,7,4.7,1,74.5,1165,3,55.2,1008,11,58.5,468,2,46.8,209,2,47,8.3,4.7,31,22,4944,309
8,65.0,5069,34,17,625,9,4.8,1,65.3,928,10,57.1,793,3,53.4,760,5,72.6,579,1,13,2.0,4.8,28,22,5432,393
12,60.3,3238,21,10,1089,15,5.0,3,58.9,596,2,54.5,580,4,69.5,574,1,60.0,384,6,27,5.3,5.0,42,22,4672,294
9,65.7,3472,22,22,1312,13,4.5,2,63.4,858,5,60.3,850,7,71.1,359,3,61.5,535,3,30,5.4,4.5,41,30,5270,356
9,60.4,3916,23,11,936,9,4.0,2,51.7,912,2,63.5,440,3,52.4,390,2,71.1,318,1,23,3.9,4.0,48,29,4389,289
12,59.9,3301,17,15,791,5,3.8,0,65.3,1043,7,48.2,821,5,51.3,631,3,72.7,514,3,46,8.9,3.8,51,29,3795,223
5,62.8,2046,13,8,1036,6,4.3,6,56.5,835,7,60.0,546,3,46.5,319,3,63.3,358,2,23,7.4,4.3,29,18,5216,381
3,58.3,1532,11,3,698,2,4.4,4,58.8,489,0,50.8,412,4,53.4,400,2,68.8,627,5,14,5.5,4.4,35,20,6048,392
6,64.9,2712,12,6,786,2,4.2,0,60.1,1248,7,62.3,484,1,81.0,424,4,61.0,397,2,23,5.8,4.2,29,30,4898,323
12,58.3,2676,12,7,1228,9,4.9,1,45.9,651,6,66.1,449,1,41.7,412,0,69.0,561,2,8,1.9,4.9,44,31,4698,234
8,62.3,3245,13,6,1487,9,4.3,3,57.2,1044,6,60.9,593,4,55.6,120,0,74.8,849,1,38,7.0,4.3,24,18,4621,296
10,66.1,3753,26,14,793,7,4.5,4,63.4,1092,13,66.1,1024,4,67.1,712,3,75.0,146,2,24,4.5,4.5,43,29,5543,325
9,58.3,2916,22,14,871,10,4.9,4,51.5,1153,11,55.6,635,1,51.6,181,1,61.9,867,6,19,4.0,4.9,28,28,5582,325
9,63.1,3613,21,12,1339,7,5.3,3,54.5,1028,7,45.9,480,2,70.8,431,2,70.7,593,6,36,6.7,5.3,32,32,4808,261
4,55.9,1422,9,10,1062,2,4.5,4,50.5,829,5,45.8,612,7,60.0,291,1,58.6,156,1,21,8.5,4.5,32,33,5449,326
4,55.5,2015,8,18,1133,10,5.1,3,50.4,982,7,59.6,581,1,54.8,196,1,54.2,313,2,23,6.7,5.1,31,37,5053,308
7,60.5,3666,27,26,929,4,3.6,6,62.6,757,3,61.4,717,2,56.3,527,5,55.6,612,8,35,5.9,3.6,35,28,5404,375
10,60.5,3094,21,13,1251,6,4.2,1,56.3,1047,9,55.8,514,5,63.8,432,3,73.0,260,2,26,5.3,4.2,34,25,4822,291
2,53.1,1339,8,7,862,5,4.4,2,35.8,624,3,59.0,170,0,52.2,158,0,42.3,134,1,19,6.9,4.4,40,19,6229,375
11,63.1,4483,26,9,932,7,4.4,2,65.3,1320,11,55.2,622,5,44.2,596,7,75.8,1030,2,34,5.8,4.4,42,21,5054,250
8,62.1,3802,21,12,947,7,3.8,4,65.6,1120,10,62.1,732,2,46.8,345,0,62.0,416,2,29,5.1,3.8,39,30,5040,324
2,53.3,2267,13,20,747,4,3.4,3,48.9,984,5,40.2,417,3,55.6,357,1,55.6,346,2,24,6.0,3.4,26,23,6274,494
11,64.7,4434,30,7,1253,11,4.4,1,57.1,1113,4,61.9,1061,6,51.6,440,5,76.4,676,5,50,8.5,4.4,37,40,4551,297
9,67.9,4770,29,15,437,3,3.3,7,59.1,1569,9,75.7,611,2,67.5,437,6,69.0,519,5,25,4.1,3.3,30,27,5198,333
14,68.8,4500,33,16,828,10,3.8,1,67.1,1264,10,51.1,765,4,67.4,676,7,75.2,1106,10,10,1.7,3.8,34,26,5427,307
7,60.9,3597,15,10,1391,15,4.5,2,56.8,869,7,49.5,722,0,77.4,453,1,54.2,518,2,42,7.5,4.5,14,25,5637,380
4,55.0,2924,16,16,1120,7,5.9,4,54.0,589,4,48.6,367,2,42.1,320,2,66.7,174,1,42,7.9,5.9,22,28,6211,424
2,48.8,1287,3,11,589,3,4.8,2,35.4,521,4,55.8,365,2,42.2,263,0,66.7,805,3,33,11.8,4.8,37,20,5791,379
13,65.2,4254,28,9,730,12,3.3,2,63.0,1167,9,59.2,776,1,82.8,242,2,69.3,1157,8,25,4.9,3.3,35,25,5232,320
1,56.7,1469,5,6,1416,4,4.4,2,48.5,589,5,68.3,326,1,55.6,253,0,54.8,332,1,14,5.4,4.4,25,20,5965,436
7,60.8,2878,12,14,1121,11,4.7,5,67.3,758,2,69.4,552,0,55.4,506,3,58.5,339,2,26,5.5,4.7,44,21,5589,390
12,68.4,4202,33,7,1383,18,4.4,7,68.6,1312,8,65.9,790,6,59.8,618,4,70.9,566,11,34,6.0,4.4,48,24,4888,312
10,65.7,4398,28,13,757,9,3.9,4,75.9,1348,4,60.6,1264,13,68.5,359,1,70.7,404,5,16,2.8,3.9,31,28,5123,285
13,70.6,4388,34,11,793,6,5.4,2,65.4,1074,9,61.4,804,2,70.3,722,9,71.6,569,3,20,3.7,5.4,35,39,5724,341
8,62.3,4021,27,14,835,5,3.7,2,68.2,1220,7,57.6,822,5,63.5,790,6,60.9,567,5,30,5.6,3.7,31,24,5198,427
8,53.8,2444,12,20,1402,14,4.2,2,59.4,821,3,63.6,191,1,58.3,63,0,54.9,522,2,26,6.7,4.2,31,31,4037,236
10,60.3,3553,22,10,637,4,4.1,2,53.0,1156,9,61.5,773,4,70.7,587,3,67.9,971,8,35,7.3,4.1,44,38,5137,337
9,66.6,4328,26,12,1108,7,4.6,3,57.2,1248,5,69.3,1167,6,54.2,756,6,77.6,789,6,50,9.0,4.6,47,22,4885,324
5,60.5,2350,18,12,1120,10,4.9,4,55.8,625,2,65.0,527,3,42.9,264,0,60.9,965,13,22,5.6,4.9,44,33,5222,281
5,60.0,3029,17,17,663,2,3.7,0,58.5,911,3,61.2,812,3,57.0,437,2,61.4,574,7,32,6.2,3.7,28,23,5703,390
3,54.5,1855,10,18,823,4,3.9,1,45.3,600,4,51.1,366,1,51.7,334,1,60.6,884,5,20,6.5,3.9,28,29,5849,400
8,58.7,1879,10,7,2006,14,5.6,3,56.0,701,3,49.5,569,6,41.8,383,3,64.3,440,1,9,3.4,5.6,32,27,5850,402
4,64.5,3618,20,15,494,1,4.0,1,58.3,902,3,64.9,530,0,61.0,347,0,63.2,509,6,43,7.8,4.0,40,17,5115,336
2,51.7,2065,7,10,736,5,4.8,5,52.0,1137,6,54.0,718,1,49.0,307,2,83.3,123,0,25,7.1,4.8,33,30,5977,434
13,62.5,3705,28,9,1371,12,4.1,2,64.2,1389,10,56.2,505,2,41.5,294,1,64.8,656,6,23,3.9,4.1,31,31,5319,288
12,62.6,3622,25,10,1220,5,4.0,0,58.7,837,7,61.0,802,7,52.6,398,3,62.5,599,5,40,7.6,4.0,27,27,5102,270
4,57.8,3000,23,15,927,5,4.2,5,58.2,1073,10,44.0,578,4,62.3,400,2,92.3,111,0,24,5.2,4.2,27,22,5786,425
1,52.5,1558,3,9,770,2,4.3,4,46.0,554,2,55.2,508,3,49.4,468,1,55.2,264,0,33,9.9,4.3,30,29,5374,408
10,60.4,3274,23,16,1069,6,4.5,3,51.0,960,5,64.8,561,3,54.8,475,4,58.6,404,5,52,10.7,4.5,34,35,5029,286
4,61.8,3970,26,20,1111,7,3.5,7,51.8,983,9,53.2,831,4,70.3,600,3,62.7,471,4,26,4.2,3.5,27,26,5312,395
2,60.8,1576,6,9,1177,11,4.4,8,49.3,483,2,63.5,346,0,61.5,322,1,66.7,763,3,23,9.4,4.4,29,28,5601,332
4,65.7,2365,16,12,800,1,4.3,2,58.0,1041,7,61.6,561,6,57.8,530,5,73.4,1002,9,21,6.2,4.3,35,30,5628,436
3,58.8,3653,20,9,779,5,4.3,3,50.3,1448,11,58.0,875,2,56.2,627,3,48.6,148,0,34,6.4,4.3,23,18,6253,471
3,61.8,2686,16,12,555,4,3.2,1,56.2,1120,12,64.0,625,6,36.7,210,0,64.0,722,4,17,3.9,3.2,44,29,5497,369
10,65.7,3922,28,11,703,3,3.7,1,60.8,1265,12,57.5,679,5,70.3,582,2,80.8,301,1,31,6.1,3.7,47,32,4945,240
6,63.6,4370,24,12,1616,16,4.9,3,62.3,1216,8,63.8,621,5,65.4,562,3,65.5,518,4,32,5.3,4.9,30,18,6031,427
10,66.3,4700,33,17,497,2,3.9,0,63.4,1355,6,56.3,784,6,81.7,649,8,72.0,631,4,16,2.3,3.9,30,21,5465,388
8,64.5,2734,23,15,1324,5,4.4,2,64.7,820,4,53.8,562,7,36.4,111,0,65.2,700,10,33,8.3,4.4,26,18,5949,419
10,58.2,3116,27,7,1467,5,6.4,3,54.1,1162,15,51.2,213,1,53.8,209,1,64.4,556,3,26,5.5,6.4,39,23,5283,326
7,59.0,2387,13,8,1157,7,5.2,4,52.6,609,2,46.3,470,2,40.0,366,1,65.2,685,5,33,9.1,5.2,47,24,5165,371
9,66.0,4710,30,13,735,11,4.0,5,48.1,717,6,66.7,514,1,50.0,371,1,76.9,782,10,38,6.6,4.0,47,23,4345,322
7,60.0,3512,18,15,1241,6,3.8,1,69.1,689,3,58.2,620,2,45.3,344,2,63.1,391,2,34,5.4,3.8,43,26,5388,328
6,61.4,3301,15,19,734,5,3.7,3,58.9,1014,3,63.2,820,5,58.9,615,1,65.0,528,4,30,5.8,3.7,39,19,4949,333
5,60.6,2509,11,19,1298,12,4.6,1,65.1,868,5,40.5,280,2,51.9,252,0,59.5,530,2,22,5.8,4.6,31,26,5002,348
14,65.9,3900,36,4,1008,13,4.4,0,69.9,848,7,52.2,432,3,50.0,86,0,70.3,563,6,25,4.8,4.4,36,38,5864,313
11,68.1,4620,33,22,716,5,5.2,4,64.1,1023,7,70.2,763,8,66.7,638,5,69.5,408,3,25,3.7,5.2,33,25,4900,307
10,62.9,4002,31,25,1235,8,4.5,7,61.7,1052,11,64.5,944,9,64.0,529,3,50.0,531,5,16,2.9,4.5,46,39,4990,347
11,54.8,3291,17,13,914,6,4.2,4,52.5,904,7,54.2,746,6,47.7,433,2,55.0,687,5,27,5.1,4.2,40,30,4664,304
8,62.6,3018,21,6,1080,7,5.2,2,49.5,1056,6,60.9,964,10,67.1,573,1,53.2,511,4,34,8.4,5.2,39,34,5235,377
9,61.7,3200,17,5,1273,13,3.9,2,61.2,1257,10,62.1,755,5,56.0,376,2,62.7,512,2,32,7.6,3.9,47,35,4429,232
3,59.6,2370,14,10,853,3,4.2,4,54.5,741,6,55.0,698,2,34.3,163,1,60.2,914,7,25,6.8,4.2,36,22,5244,346
6,59.9,3001,12,17,523,2,4.4,0,59.1,751,2,61.2,494,4,51.4,385,4,53.4,318,1,29,6.1,4.4,37,22,5897,407
10,61.4,3451,25,6,1007,6,5.0,4,50.4,964,11,65.8,395,2,51.5,250,2,67.3,730,5,28,5.6,5.0,26,28,5323,318
2,57.6,1823,14,8,1364,11,4.3,3,57.5,775,9,44.7,687,6,46.5,266,1,64.4,361,1,13,4.5,4.3,40,25,5883,339
5,58.3,3377,14,15,742,4,4.5,2,64.1,1115,6,51.2,871,3,31.6,173,0,61.1,849,3,37,7.3,4.5,29,27,6228,377
3,57.7,1955,9,8,1047,10,4.3,4,51.9,1411,8,55.7,689,5,52.0,586,2,66.7,283,1,30,10.6,4.3,42,19,5682,348
10,61.3,4177,29,12,1340,11,4.5,3,55.6,1296,8,56.8,959,8,62.9,498,1,69.0,875,7,26,4.4,4.5,33,29,5338,350
12,57.6,3610,20,12,1364,12,4.7,2,53.8,887,3,52.6,841,7,15.4,74,0,60.7,528,5,31,5.4,4.7,48,26,4622,266
6,62.0,3832,24,23,934,6,5.5,2,56.7,1004,7,61.5,257,1,54.8,240,1,62.9,658,5,22,3.7,5.5,29,31,5938,434
6,60.0,4051,21,17,836,7,5.4,0,61.2,1394,7,64.3,613,3,57.9,467,1,50.6,540,5,35,6.3,5.4,31,24,6042,429
7,58.0,2319,13,7,997,3,4.9,2,53.6,727,2,58.7,507,2,55.8,381,1,51.4,206,5,23,6.8,4.9,33,31,5607,341
9,58.1,3398,20,13,1067,6,3.9,5,56.5,1057,7,47.6,725,4,54.4,317,3,60.9,596,6,24,4.4,3.9,45,22,5060,323
4,57.2,2733,14,11,587,3,3.6,2,51.3,709,2,61.2,518,4,41.9,384,2,52.9,410,2,32,6.5,3.6,32,20,5318,307
8,66.3,4184,31,10,897,2,5.5,1,61.2,928,9,67.5,858,11,58.9,579,7,67.5,942,5,36,6.5,5.5,42,25,5491,347
7,46.5,1729,12,6,1199,4,4.8,4,45.8,612,8,45.7,551,4,50.0,267,1,61.3,256,3,33,10.9,4.8,41,18,5725,390
10,63.5,5038,41,16,390,2,4.6,0,60.8,1681,16,66.4,757,3,55.8,607,6,65.9,777,5,36,5.2,4.6,41,34,5881,387
14,68.3,4643,45,6,578,1,4.3,2,70.8,1263,15,66.3,949,9,69.1,635,7,59.8,767,8,36,6.7,4.3,29,38,6585,359
7,61.0,2479,15,6,1224,10,4.4,5,47.7,512,2,64.7,492,2,66.1,474,3,63.5,677,3,16,5.2,4.4,44,27,4571,278
0,54.3,1541,6,9,645,5,4.8,0,56.8,960,4,52.2,947,6,56.3,514,1,52.3,352,2,16,6.2,4.8,29,17,5935,430
4,50.8,2214,12,11,1606,8,4.7,6,48.4,415,1,45.5,367,3,58.0,292,1,45.9,460,0,40,8.8,4.7,31,28,5008,329
4,59.5,1713,10,9,597,2,4.0,0,57.0,1159,5,62.2,785,2,71.9,328,1,70.6,247,1,22,7.6,4.0,29,26,5333,338
4,60.7,2753,13,16,977,7,3.8,1,55.7,975,4,43.4,618,5,57.6,279,1,70.0,368,3,17,4.9,3.8,38,26,6201,433
8,62.9,4624,27,20,1091,6,4.9,5,52.2,1106,9,61.4,856,5,47.5,329,2,72.7,778,7,30,4.9,4.9,32,21,5546,377
1,53.5,2164,6,6,1145,5,4.4,2,50.7,431,1,71.1,264,0,56.3,256,0,64.3,71,0,36,9.2,4.4,39,18,5734,407
6,60.5,2497,16,9,1086,6,5.0,4,57.4,1214,6,53.0,549,1,59.3,537,3,59.3,451,5,36,9.4,5.0,40,19,5522,313
2,54.3,1853,13,13,970,12,4.7,1,71.9,967,6,31.0,468,1,69.1,466,3,51.4,409,3,30,9.3,4.7,50,23,5731,449
13,65.6,5235,39,12,667,11,3.7,0,70.5,1569,9,56.7,702,5,46.9,276,1,72.6,1327,17,32,5.0,3.7,40,34,6577,342
13,71.2,5476,46,14,603,2,6.9,0,74.8,1143,8,71.2,627,8,66.7,620,6,66.4,1310,11,24,3.5,6.9,33,16,5895,339
9,61.0,4933,29,16,659,9,3.9,1,62.6,1536,9,57.1,1192,7,50.6,523,4,62.3,604,4,28,4.5,3.9,48,31,6022,400
8,56.7,3474,26,18,1054,6,4.2,1,50.5,654,8,46.9,612,8,61.7,314,1,56.5,815,5,39,6.7,4.2,35,31,4993,363
7,59.8,3303,18,14,1309,17,4.8,1,55.8,961,4,65.6,859,5,64.2,679,1,63.3,811,5,23,5.2,4.8,50,24,5198,328
11,63.2,4077,21,14,928,9,4.1,1,63.2,1193,8,55.6,1108,2,73.0,381,2,68.9,631,2,40,7.2,4.1,35,15,4348,227
13,61.3,3144,17,5,1211,8,4.3,2,62.6,874,4,64.5,241,3,57.6,220,0,70.5,792,6,44,9.0,4.3,42,38,4931,229
7,60.2,3091,14,13,1204,12,4.2,3,60.0,788,4,56.1,484,2,60.7,436,2,56.8,233,0,42,8.5,4.2,33,31,5315,315
4,62.8,3592,16,22,781,5,4.2,5,52.4,771,3,61.5,554,3,58.8,441,3,61.0,763,2,29,5.0,4.2,23,24,6311,494
9,61.6,3571,18,14,1047,4,4.0,3,61.2,1023,7,47.9,592,5,61.0,470,1,60.5,759,3,19,3.5,4.0,27,23,5682,317
5,57.9,3151,16,20,640,2,4.2,2,59.6,947,5,48.4,584,4,57.9,309,2,67.0,796,3,25,5.2,4.2,41,21,5437,367
3,59.6,1169,8,3,356,4,3.2,0,45.5,798,4,56.1,759,5,52.3,562,2,66.2,417,0,27,12.9,3.2,38,33,5405,357
13,68.6,4719,32,14,800,10,3.6,3,64.8,1351,7,61.7,1198,10,64.4,395,1,75.0,930,8,28,4.4,3.6,29,31,5849,299
10,59.7,3817,22,10,1143,9,4.4,1,58.0,921,4,44.5,855,8,54.5,406,1,64.9,669,7,35,6.2,4.4,37,25,5615,344
6,60.6,3400,24,16,1244,6,6.0,3,53.4,1046,6,61.2,443,4,66.7,41,0,58.1,571,6,30,5.6,6.0,36,21,5806,435
7,57.7,3869,19,12,741,8,5.8,10,53.3,1174,4,57.9,677,4,41.0,336,1,66.3,843,5,36,6.9,5.8,39,23,5329,363
10,58.8,3033,19,14,1094,5,4.4,2,61.5,1508,11,59.2,375,2,50.0,367,3,43.2,229,2,38,8.1,4.4,40,44,5050,277
10,62.3,3669,27,16,1094,6,3.9,3,59.1,1350,11,63.8,533,4,52.0,211,1,68.1,737,5,46,8.0,3.9,51,30,5115,320
5,57.4,3385,14,17,950,11,3.6,3,52.1,805,5,56.4,647,4,48.6,298,2,59.8,501,3,28,5.1,3.6,38,29,5821,368
8,65.6,4903,28,19,663,4,4.1,3,66.7,1382,12,55.5,943,6,58.2,436,4,74.8,1039,3,36,5.3,4.1,34,16,5687,400
13,68.6,4659,37,11,731,4,4.4,5,65.7,1434,10,69.7,1064,13,77.6,544,5,61.2,555,2,21,3.5,4.4,52,24,4652,289
4,59.8,4967,20,17,798,9,3.7,3,59.8,1964,5,58.9,383,4,68.8,310,2,57.8,567,3,29,3.8,3.7,34,17,5458,437
11,67.2,4295,39,8,464,0,3.4,1,76.9,954,8,65.3,784,14,67.1,745,7,70.1,667,2,51,8.5,3.4,47,23,5388,336
12,64.3,4008,22,12,1424,15,4.1,3,69.1,1598,4,60.3,518,2,50.0,151,1,59.6,716,6,27,4.7,4.1,44,29,5172,331
11,54.1,4374,23,18,814,2,3.9,3,54.4,1355,5,55.6,861,7,48.4,781,3,68.2,521,3,41,6.1,3.9,32,15,5988,387
1,53.9,2084,11,11,414,1,4.8,2,52.4,979,7,48.5,865,5,55.8,252,0,67.5,540,4,28,8.3,4.8,20,23,6088,444
1,58.1,1796,6,12,1509,5,5.3,5,51.8,801,3,42.6,325,1,66.7,79,0,58.9,453,1,19,6.4,5.3,27,13,5704,425
4,61.1,4018,22,14,707,2,3.3,2,44.7,741,7,51.3,606,5,52.7,584,3,75.2,806,4,26,4.4,3.3,25,19,5672,443
7,64.1,3606,26,15,707,1,3.8,2,65.9,814,5,59.7,658,7,52.3,234,1,61.3,538,7,49,8.5,3.8,38,28,5223,350
7,59.5,3702,21,13,1045,4,4.1,0,52.5,698,3,62.2,691,5,62.4,666,3,65.6,519,4,35,6.0,4.1,52,21,5482,348
7,58.3,3294,12,13,986,6,4.3,4,56.5,1083,1,58.7,778,1,55.0,151,0,59.4,332,5,35,6.7,4.3,41,16,5708,317
10,62.1,2935,18,12,2097,12,6.0,4,72.9,677,3,55.6,449,2,61.1,310,2,57.0,493,9,32,6.2,6.0,44,22,5600,348
12,63.0,4827,34,8,1263,12,4.4,4,67.8,1354,6,56.5,911,4,65.6,235,3,69.6,790,11,27,4.1,4.4,37,41,5972,331
7,63.0,5177,43,19,602,5,3.9,0,63.8,1154,10,62.5,1041,6,47.6,379,3,63.0,982,9,26,3.7,3.9,30,26,7042,454
9,59.9,3948,26,15,1015,6,4.6,3,60.1,1092,10,53.0,692,3,66.1,567,2,61.8,626,5,19,3.4,4.6,33,35,6134,344
6,54.3,2883,13,18,1063,8,3.9,4,58.9,827,2,68.3,289,2,48.8,272,1,54.7,359,3,34,7.0,3.9,30,23,5174,375
3,58.1,2362,12,10,840,2,4.2,4,56.6,857,7,51.7,700,2,69.7,648,0,64.8,684,1,28,7.4,4.2,30,13,5491,444
7,63.3,3265,26,8,623,2,4.0,2,53.8,836,8,62.3,787,5,58.7,626,1,70.3,816,8,30,6.3,4.0,37,20,4413,314
5,62.4,1814,10,3,1214,8,4.7,2,66.9,1105,9,73.7,449,1,56.0,434,3,67.2,548,5,16,6.8,4.7,38,25,4710,273
11,64.1,3118,26,10,1590,11,5.0,5,61.0,748,7,66.2,688,7,58.0,366,3,71.7,396,3,33,7.7,5.0,36,31,4899,245
7,54.8,4065,27,17,1454,11,4.6,1,49.0,1384,8,50.0,996,9,50.9,425,2,62.7,435,4,26,4.5,4.6,27,26,6078,394
4,56.4,2176,10,11,1243,6,4.5,5,51.7,746,4,61.5,626,4,50.0,589,4,60.3,523,4,25,7.4,4.5,39,24,5999,471
9,65.6,3200,20,5,1613,13,4.8,4,64.7,633,4,66.1,573,8,66.7,543,3,77.4,325,0,30,7.1,4.8,31,31,6043,388
10,63.3,4274,24,22,687,8,3.2,4,57.5,1041,5,60.7,954,10,56.6,471,2,68.4,454,1,41,6.7,3.2,47,30,5079,324
4,67.4,4515,26,17,543,6,3.5,0,64.4,1067,2,64.9,711,3,69.5,580,2,68.6,859,8,44,6.3,3.5,32,21,6070,443
8,59.0,3912,19,22,660,4,3.1,2,47.4,1128,4,59.8,524,7,54.4,455,2,59.6,343,3,48,7.3,3.1,40,24,5368,352
4,58.8,1972,11,9,933,2,4.6,4,51.5,597,3,47.1,587,3,39.7,361,2,65.4,655,2,28,8.4,4.6,57,30,5334,388
12,61.7,3379,24,13,843,3,4.2,3,58.2,745,4,57.6,627,5,52.9,556,5,65.8,816,6,43,8.3,4.2,60,30,4820,241
5,63.1,2621,19,12,1339,9,4.6,2,60.1,1421,7,61.0,1295,12,74.4,243,4,69.1,759,5,19,5.1,4.6,31,28,6313,478
11,61.9,4293,33,20,756,7,3.4,2,55.1,1426,11,63.8,712,10,61.0,455,2,67.6,458,4,29,4.7,3.4,43,31,4888,305
1,56.8,2015,11,8,377,2,2.7,1,54.7,1646,9,41.4,465,2,48.8,362,2,67.8,917,7,16,4.8,2.7,40,21,5319,406
8,63.9,3828,31,10,1121,9,5.2,3,58.5,1233,13,59.5,736,5,72.2,368,2,65.8,851,8,35,6.1,5.2,34,28,6645,432
13,68.3,5477,55,10,1038,10,4.3,1,64.8,1430,14,64.0,1288,11,65.8,778,10,72.2,788,12,18,2.7,4.3,41,26,5696,399
7,58.5,4650,29,19,1006,4,4.5,5,53.8,1492,12,44.7,490,2,70.9,461,1,65.1,416,2,23,3.5,4.5,33,22,5546,376
6,66.6,2536,17,6,1178,11,4.1,1,66.9,1314,8,63.4,817,3,59.0,681,3,60.4,312,2,21,6.8,4.1,44,22,5956,428
2,61.2,2310,10,14,771,4,4.3,5,60.2,1407,5,57.1,802,2,55.0,253,2,55.1,545,5,21,5.5,4.3,32,11,5081,428
11,60.2,3822,23,9,537,6,5.3,0,59.0,1083,5,65.5,503,2,45.3,309,1,59.8,608,4,32,5.3,5.3,42,27,5713,336
4,60.6,3241,13,14,803,5,3.4,1,53.7,777,3,58.6,484,1,57.1,446,2,53.2,359,4,38,7.0,3.4,31,21,6070,449
11,60.6,3313,23,7,1287,12,5.0,4,55.3,673,5,56.3,596,2,63.9,511,2,65.0,302,2,39,7.1,5.0,47,36,5885,305
3,57.4,1798,7,11,733,6,4.5,0,60.0,888,4,53.5,695,5,48.1,431,1,63.3,407,4,31,10.2,4.5,38,22,5819,453
9,69.5,4478,32,11,1255,6,4.4,2,67.6,1046,8,69.1,631,8,58.6,472,1,67.5,872,4,30,5.2,4.4,35,17,5864,348
3,60.7,1687,14,4,973,7,3.9,1,41.0,569,0,58.0,418,4,60.3,399,4,60.0,671,5,15,5.4,3.9,53,29,5520,364
8,60.4,3913,24,17,709,2,4.0,1,57.1,1016,4,51.8,930,5,69.8,326,3,67.6,759,6,58,9.0,4.0,42,24,5750,335
3,60.2,1807,11,9,1266,10,4.5,5,64.2,804,4,48.0,726,1,58.4,469,4,66.7,344,1,16,5.9,4.5,41,20,6362,480
12,60.5,4343,25,11,773,7,4.3,4,69.5,1056,6,65.1,633,2,51.4,519,4,59.1,592,4,40,6.0,4.3,48,29,5969,338
11,68.6,5162,39,12,549,2,3.7,2,67.6,943,5,64.0,641,5,68.5,457,2,60.6,1215,16,37,5.4,3.7,49,19,4891,304
7,57.5,3818,18,27,492,3,3.5,3,59.8,998,4,55.4,896,0,52.6,611,6,61.8,522,4,39,6.6,3.5,34,29,5316,383
8,55.8,3046,12,21,833,3,4.6,2,59.7,523,3,39.0,456,1,60.0,423,2,65.0,398,4,43,8.8,4.6,40,15,5359,387
8,64.0,2891,27,2,1607,9,5.1,1,65.1,1332,9,56.0,835,8,49.4,447,2,62.7,502,6,28,8.1,5.1,37,31,6304,382
8,64.2,4261,28,14,860,8,3.5,1,65.9,1499,8,59.3,740,6,60.5,602,10,73.4,593,1,42,6.7,3.5,34,20,5395,370
12,58.4,3197,21,8,1128,9,4.1,3,65.9,1179,7,57.6,284,1,39.1,85,0,61.9,850,13,39,8.6,4.1,38,30,5071,272
13,63.1,3357,26,9,1257,12,4.2,4,64.6,898,5,69.4,778,5,57.9,346,4,58.9,387,5,44,9.8,4.2,44,39,4378,231
4,59.4,2608,19,9,456,1,3.6,2,48.8,1224,7,52.2,440,4,55.0,216,2,71.1,571,5,40,8.8,3.6,35,31,5568,389
3,62.0,2454,14,12,1077,6,3.9,3,67.6,1079,2,55.2,919,3,42.9,354,4,69.8,571,6,21,5.7,3.9,36,25,5407,381
3,60.1,3203,16,12,1275,7,4.6,5,62.4,1346,5,53.2,452,2,60.0,375,3,76.3,499,3,38,7.7,4.6,36,26,5665,478
5,55.0,1711,7,5,660,3,3.3,2,47.5,841,6,61.2,784,2,47.1,696,5,52.9,129,0,11,4.4,3.3,35,25,5891,299
6,66.1,4694,28,14,707,6,3.7,0,63.8,1593,6,64.0,921,7,68.9,556,2,57.4,238,2,31,4.7,3.7,22,28,6372,417
10,62.1,3986,27,12,1266,8,5.4,1,59.0,1065,6,53.3,767,11,75.0,267,3,60.8,527,4,19,3.3,5.4,49,22,5391,302
7,64.2,3018,18,10,525,2,3.7,5,50.8,982,6,62.5,699,5,67.2,426,4,67.1,497,3,33,6.9,3.7,54,30,4995,289
5,58.5,3127,18,12,809,3,4.6,2,50.3,1008,9,61.5,580,1,58.3,296,2,68.3,1008,6,38,7.8,4.6,40,26,5437,374
5,66.0,3812,28,18,1038,6,3.9,2,58.6,1133,10,57.5,721,8,53.1,140,1,70.3,916,6,38,6.3,3.9,39,24,6033,442
10,64.2,3398,19,17,1124,9,5.1,5,59.0,1041,6,57.1,790,5,65.4,193,1,78.5,460,5,21,4.2,5.1,20,26,5749,344
7,55.3,3326,12,13,673,4,3.9,2,56.3,824,2,50.0,621,1,64.4,568,2,50.0,424,2,24,5.2,3.9,31,29,5857,337
12,69.9,3705,34,9,1845,13,4.7,5,64.7,1320,16,56.1,621,8,75.5,420,4,71.1,703,5,29,6.3,4.7,27,31,5681,352
12,66.2,4727,39,15,849,8,4.7,1,60.3,1619,11,71.6,1404,9,76.6,464,2,69.4,489,12,17,2.8,4.7,41,25,4883,354
11,60.3,4257,22,12,860,7,3.9,5,68.8,1331,4,55.5,1077,8,68.6,314,1,53.2,248,1,45,7.0,3.9,42,27,4815,282
12,65.6,4381,38,5,1139,9,4.6,3,64.9,1519,13,71.7,1287,12,57.6,446,3,63.0,323,3,28,5.1,4.6,41,27,5542,348
6,63.1,2483,17,8,1246,8,4.8,2,59.8,1210,6,58.2,936,3,63.3,331,1,64.3,197,1,21,6.3,4.8,38,34,5571,307
11,61.7,4761,40,16,519,3,3.3,2,62.6,1345,7,55.2,779,2,65.3,444,3,55.4,774,8,27,4.2,3.3,40,26,5483,369
3,58.9,2908,11,17,582,4,4.3,2,52.6,677,6,48.2,557,1,59.3,548,2,74.3,289,1,55,10.4,4.3,45,20,5932,412
8,65.3,3265,18,6,1033,9,5.0,5,63.2,754,0,57.1,260,0,57.7,176,0,77.0,862,5,45,8.8,5.0,46,14,5288,281
3,58.1,3270,21,12,534,2,3.4,1,47.5,693,4,65.2,666,6,60.0,280,2,58.6,534,4,24,3.9,3.4,22,14,5721,452
9,66.5,4286,31,18,582,3,3.6,0,56.5,856,6,63.6,783,4,68.1,778,7,70.4,821,12,36,5.9,3.6,26,18,5413,348
3,63.4,2001,12,9,765,4,4.3,2,57.1,748,3,65.2,435,1,64.1,375,3,52.5,634,3,29,9.3,4.3,40,25,5626,354
8,66.4,4045,27,12,1099,8,5.1,3,58.3,862,10,75.0,758,5,61.9,474,2,69.0,605,3,46,7.2,5.1,39,25,5494,373
6,64.4,2919,14,12,570,9,3.5,1,64.1,742,6,67.7,588,2,52.5,475,2,65.7,258,1,39,8.8,3.5,41,19,5515,343
12,64.1,4109,33,9,412,5,4.6,0,68.7,972,4,62.2,953,7,64.3,200,1,62.6,1124,12,21,3.5,4.6,40,25,5506,313
7,69.2,4952,33,17,964,9,4.3,3,75.9,931,3,59.0,902,5,76.8,550,3,68.0,889,10,29,4.2,4.3,34,17,6144,424
6,63.1,4410,30,14,721,7,3.3,1,70.0,1305,12,55.9,938,3,64.3,418,2,68.5,623,6,28,4.5,3.3,47,26,6012,400
3,59.7,2525,13,13,821,6,4.1,2,64.3,962,5,50.7,409,1,34.8,167,0,71.7,345,2,28,7.1,4.1,45,13,5235,401
4,64.1,2418,14,11,1319,5,4.2,4,59.4,1318,10,65.0,872,8,57.9,577,3,65.2,702,3,23,6.9,4.2,49,28,6009,400
11,67.1,4952,32,9,1361,8,4.7,0,71.3,1698,13,61.6,644,2,54.2,549,8,72.5,761,3,33,5.1,4.7,33,21,5654,368
8,60.5,3369,19,10,1106,4,4.3,2,63.8,1062,5,63.0,698,4,70.0,435,3,52.0,245,2,52,9.8,4.3,36,29,5143,340
12,63.1,3475,20,7,1306,13,4.7,3,67.3,825,3,55.1,537,1,65.9,271,1,55.0,362,3,42,8.5,4.7,37,24,4274,254
1,56.3,2206,11,14,494,2,3.7,0,55.7,1051,12,49.3,1002,2,55.4,380,2,55.3,221,2,36,9.9,3.7,36,25,5903,410
0,59.8,1412,8,7,569,2,3.7,2,61.3,715,6,55.6,647,2,41.8,498,3,59.4,890,4,18,9.1,3.7,39,16,5968,438
1,61.8,1710,10,9,1074,8,4.1,2,58.9,1169,6,64.8,752,3,49.3,453,2,75.0,507,1,8,3.8,4.1,36,19,5712,438
13,63.7,4671,35,11,814,3,4.2,2,75.2,1215,9,64.4,1003,7,58.4,849,6,75.0,311,3,25,4.4,4.2,36,33,5147,313
8,66.3,4591,21,16,1056,11,4.0,3,67.0,1871,8,61.4,506,1,58.3,194,0,72.8,657,1,30,4.7,4.0,19,23,5562,345
3,64.4,2791,14,12,641,2,4.2,0,59.1,944,5,63.0,670,3,70.5,363,0,70.2,412,4,16,3.7,4.2,37,14,5398,401
7,63.7,3035,20,6,895,3,4.4,2,62.5,1047,9,58.8,552,3,61.0,450,2,66.2,528,3,36,8.7,4.4,21,25,5702,359
15,59.8,3837,35,10,989,6,4.1,3,45.4,739,10,72.2,485,3,49.2,473,5,62.1,1104,7,33,6.3,4.1,44,39,5167,308
6,64.4,3659,21,11,898,4,4.1,2,57.4,807,4,54.9,464,1,66.7,300,0,66.3,439,3,29,5.7,4.1,35,17,5527,397
10,66.1,3250,25,7,794,11,3.6,3,65.2,1297,10,63.1,816,4,67.3,394,0,70.3,615,13,20,4.9,3.6,42,28,5453,279
1,63.7,2109,12,4,706,4,3.8,0,54.4,966,5,59.7,523,2,62.8,276,0,63.2,1043,9,23,7.3,3.8,29,21,6067,432
3,68.6,884,5,7,1089,3,4.6,3,55.9,840,3,69.3,536,5,43.1,401,3,74.0,713,3,6,4.7,4.6,31,11,5567,374
7,59.8,2249,9,17,863,7,4.2,3,59.3,1304,6,55.9,1135,6,68.8,207,0,59.7,517,3,16,4.6,4.2,51,27,4530,296
7,67.2,4262,32,13,597,2,4.2,5,59.1,1214,9,70.3,813,6,67.4,337,4,67.1,537,5,44,6.9,4.2,42,19,5597,400
10,60.7,3821,31,8,758,3,4.1,4,50.5,890,8,61.2,829,6,53.2,483,1,68.2,510,8,46,7.4,4.1,43,22,5547,323
5,60.7,2606,19,7,698,2,3.8,2,57.8,1521,11,50.0,658,4,56.0,484,2,58.8,251,2,25,6.3,3.8,45,25,4963,313
2,55.3,1881,15,12,967,6,3.7,4,51.5,1124,5,61.0,733,6,53.2,503,4,64.3,491,3,15,4.9,3.7,35,25,6066,408
5,58.6,4428,35,18,740,2,4.1,0,53.0,1400,14,61.0,1031,10,71.1,368,1,57.5,455,5,51,7.8,4.1,36,18,6000,448
11,65.3,3486,20,7,634,4,4.0,1,70.2,1088,8,61.4,451,2,54.8,199,1,69.9,875,5,45,8.7,4.0,47,29,5269,287
7,61.1,3987,32,13,1066,6,4.0,4,55.4,1070,6,58.2,922,9,58.2,480,5,56.0,329,3,31,5.1,4.0,38,25,5818,399
4,66.1,4792,29,13,641,0,3.5,6,75.3,725,4,44.1,561,3,69.2,497,3,65.9,630,5,40,5.7,3.5,32,20,5791,398
4,56.4,2052,7,10,1106,10,4.8,3,50.0,681,3,59.8,473,5,48.0,182,1,52.0,481,0,14,4.0,4.8,41,26,5885,330
6,61.9,4208,24,12,872,8,4.5,1,66.3,1157,4,70.5,662,4,52.0,494,3,50.0,386,3,45,7.1,4.5,31,16,6019,389
11,65.3,3231,14,9,1485,11,4.5,7,61.9,720,4,54.2,473,2,68.0,442,0,67.1,495,5,44,9.0,4.5,43,22,5510,302
12,64.4,4770,36,7,703,6,4.3,1,69.3,692,7,74.7,648,3,50.0,515,0,60.0,1176,11,38,5.7,4.3,48,21,5430,315
7,68.3,4870,32,11,769,6,4.6,2,65.1,1138,9,68.3,984,3,67.2,520,4,67.3,825,6,31,4.7,4.6,31,22,6615,476
6,62.6,4432,35,14,863,3,4.4,3,60.8,1450,13,63.3,797,8,63.2,396,4,67.7,464,3,27,4.2,4.4,23,28,6725,442
10,59.6,3905,31,15,1070,7,4.3,4,63.0,1502,14,60.6,1027,12,47.8,315,0,35.7,77,0,19,3.3,4.3,39,30,5098,314
7,65.0,3725,19,14,702,6,3.6,2,67.5,997,8,51.2,327,2,64.3,312,3,67.0,853,2,28,5.0,3.6,37,26,6426,430
7,68.0,3938,21,16,907,11,4.5,4,70.5,1834,10,54.3,765,6,55.7,749,5,74.1,535,2,20,4.1,4.5,48,30,5809,319
3,63.1,2031,10,7,470,3,4.1,1,62.2,789,4,53.2,663,4,52.6,394,1,65.2,326,3,25,8.1,4.1,28,12,6199,387
10,68.1,4024,34,8,830,4,5.6,1,75.7,1069,14,72.1,685,5,73.9,664,6,64.9,605,2,45,8.5,5.6,37,23,4668,277
6,58.3,4042,22,15,1402,6,4.9,5,50.0,1206,3,53.2,543,3,67.5,260,1,53.8,338,4,27,4.8,4.9,38,23,5446,417
3,62.2,2818,19,10,520,3,3.6,1,47.8,549,4,50.0,411,2,60.0,408,3,70.7,1088,6,38,9.3,3.6,39,19,5475,423
9,69.8,4166,29,11,751,1,3.7,0,64.9,777,6,75.6,604,2,61.2,528,4,76.3,952,11,26,4.6,3.7,38,27,6090,379
6,61.0,4233,26,14,1239,16,4.2,5,71.3,1023,6,45.9,568,6,53.4,517,2,60.7,391,2,40,6.3,4.2,48,28,4883,362
11,69.9,4944,38,7,1079,11,4.8,1,64.3,1409,6,72.8,653,4,70.0,579,6,70.4,271,3,37,6.5,4.8,34,22,5939,406
8,64.9,4317,20,15,774,5,4.0,2,62.1,1017,4,69.3,799,5,50.0,499,3,71.1,729,2,33,4.7,4.0,31,28,5154,321
7,61.7,3023,17,6,1267,13,5.4,3,67.1,613,1,42.6,431,3,53.8,430,2,65.5,552,4,42,8.8,5.4,39,18,5712,378
6,52.9,3509,19,14,824,9,3.8,3,53.4,941,7,56.8,752,4,39.7,371,4,62.0,1073,3,36,6.6,3.8,47,27,5756,402
1,59.7,1611,8,14,1313,6,5.2,2,68.0,888,4,55.3,821,2,76.7,369,2,73.4,486,4,6,2.7,5.2,37,11,5548,399
6,64.7,4206,18,8,839,9,3.8,0,66.0,964,4,59.8,862,6,66.7,603,1,61.7,394,5,41,6.8,3.8,33,20,5612,315
0,65.6,1380,6,2,952,7,4.8,2,55.0,1007,4,45.2,413,3,61.1,324,3,67.1,612,2,21,9.7,4.8,26,13,6279,452
13,67.8,3667,23,4,1631,15,5.1,5,76.5,833,5,52.1,796,8,72.1,594,4,72.6,673,3,25,5.2,5.1,36,20,5503,306
8,59.5,3401,18,10,612,4,3.5,4,62.5,1083,5,57.7,1032,5,60.0,232,1,59.5,237,1,31,6.0,3.5,42,27,5057,297
9,65.3,4327,24,10,357,1,3.9,0,67.4,1077,4,53.4,930,4,70.5,584,8,71.8,711,1,37,5.9,3.9,26,14,5676,358
10,65.7,4428,40,7,457,3,5.9,2,63.8,1257,14,62.0,997,12,71.4,610,4,58.8,377,1,35,5.4,5.9,39,25,5823,388
8,59.0,2957,15,16,1073,5,4.0,2,51.7,954,4,51.1,635,2,58.3,131,0,60.7,559,4,27,5.0,4.0,31,17,4821,328
8,63.5,4240,31,13,1025,4,3.9,2,58.7,1448,6,55.9,528,2,53.6,307,7,78.7,584,5,41,7.0,3.9,33,17,6126,392
3,58.9,3905,23,16,465,1,3.6,2,48.3,883,6,60.0,851,3,46.1,477,3,58.8,281,4,34,5.2,3.6,33,13,5147,400
11,67.1,3502,15,8,921,3,4.3,4,73.5,593,6,57.9,536,2,63.8,530,0,72.6,1125,4,28,5.4,4.3,28,33,5896,311
12,63.8,3937,28,6,788,12,4.0,2,62.9,1153,5,61.4,1003,8,49.4,397,5,63.5,359,3,16,2.8,4.0,25,30,6001,385
5,60.4,4386,33,21,997,10,3.9,2,58.0,1059,7,59.8,810,4,62.7,677,4,57.0,548,7,36,5.9,3.9,35,28,5554,423
4,60.9,2201,9,11,885,6,3.2,2,61.3,1002,5,53.2,564,3,54.7,509,3,57.5,499,2,23,6.7,3.2,31,18,5392,394
8,67.1,2995,19,12,1272,8,4.9,4,71.8,1136,4,64.4,744,4,51.9,726,9,74.3,256,4,29,6.9,4.9,32,25,6122,380
7,71.6,3877,20,5,539,2,3.4,0,75.0,967,5,75.0,903,3,74.3,453,2,62.9,840,7,37,6.3,3.4,41,27,5038,307
11,67.4,3554,28,2,1161,18,3.9,2,61.6,1106,3,65.5,680,4,66.7,401,4,75.3,701,7,15,3.4,3.9,34,23,5223,250
7,70.0,5208,37,15,1043,6,5.1,2,66.7,1173,8,76.0,1137,9,69.2,895,4,61.7,631,3,27,3.9,5.1,30,21,6006,454
11,63.0,4027,26,16,593,3,3.3,1,59.8,1367,10,61.9,683,8,54.2,586,1,68.6,395,1,21,3.4,3.3,35,25,5435,284
3,56.6,2710,12,17,813,7,3.7,1,55.2,857,4,46.1,788,3,53.8,587,2,72.7,63,0,19,4.5,3.7,27,14,5479,409
7,62.4,3782,16,14,661,8,4.3,3,62.4,804,3,48.6,392,2,52.2,365,2,73.6,816,4,33,5.2,4.3,34,26,5484,331
10,64.4,3819,29,13,1268,7,4.9,4,68.8,1284,12,72.7,594,3,42.9,435,2,65.0,338,3,17,3.2,4.9,38,23,5482,327
1,59.2,2241,16,4,988,6,4.6,5,55.7,667,3,58.7,408,0,53.3,391,4,58.0,350,3,36,9.8,4.6,33,20,6502,480
10,64.7,4219,21,11,349,3,3.2,0,75.2,1128,7,62.1,597,1,46.1,510,1,68.4,923,6,41,7.0,3.2,42,19,5099,292
9,60.8,4090,28,18,560,2,4.3,0,55.5,1321,12,66.3,622,2,57.5,341,2,70.4,660,8,35,5.8,4.3,38,29,5887,369
8,61.2,3426,26,9,1287,9,4.4,3,60.2,945,9,49.4,522,2,69.0,416,3,63.7,800,7,23,4.9,4.4,40,18,5720,378
8,67.0,4917,25,12,704,6,4.2,0,69.3,1041,3,56.0,1005,4,67.7,847,7,74.2,686,6,23,3.7,4.2,38,21,6046,383
3,61.4,1978,9,7,426,1,3.6,0,67.7,1156,6,47.5,508,2,44.9,477,4,71.7,322,2,22,7.6,3.6,37,21,4973,361
10,64.7,4095,20,12,865,7,4.4,4,59.5,1444,3,69.8,703,5,64.7,378,1,75.4,526,3,24,4.3,4.4,39,16,5094,315
9,64.1,3141,18,13,973,6,4.6,4,56.5,748,4,55.6,440,3,47.4,248,3,77.2,522,4,27,4.7,4.6,41,34,5201,303
8,62.6,2799,14,4,1138,6,4.0,3,36.5,316,2,69.4,282,1,59.1,120,3,66.2,558,2,46,9.9,4.0,27,25,5682,359
11,59.1,3302,22,16,754,6,5.4,9,56.8,840,8,53.1,202,1,57.1,128,0,62.5,437,1,35,6.6,5.4,50,21,5074,327
4,59.4,2193,7,7,1122,9,4.1,1,64.8,614,1,52.2,376,1,53.3,144,0,57.1,236,2,31,8.6,4.1,42,22,5106,320
7,59.9,3320,25,12,626,4,3.5,3,52.4,1078,8,58.4,548,3,68.8,225,2,67.7,404,7,39,7.3,3.5,41,14,5425,349
0,53.6,2894,11,22,853,2,4.1,1,44.3,357,0,42.9,335,1,54.0,312,2,56.9,395,1,38,7.4,4.1,34,13,5250,410
9,62.9,3324,22,13,983,7,4.1,1,52.3,838,6,67.9,568,0,65.2,317,3,72.4,560,5,32,6.1,4.1,38,21,5089,332
5,59.0,2285,12,14,1007,3,4.1,1,59.3,949,5,51.1,555,2,51.8,350,3,63.6,191,1,33,8.6,4.1,33,17,4640,382
9,65.7,4446,29,10,552,4,3.3,2,57.0,1101,9,76.7,1003,5,58.3,477,3,61.6,574,4,47,7.7,3.3,35,32,5692,376
3,60.8,1836,9,12,556,4,3.6,0,63.2,885,10,71.7,653,4,60.2,482,6,51.4,203,1,29,8.4,3.6,37,22,5582,384
3,61.8,1699,19,8,888,3,3.7,1,55.2,1378,13,56.0,423,7,50.9,330,2,48.1,342,1,19,8.5,3.7,32,16,5546,436
4,58.8,3098,13,7,961,3,3.7,3,52.3,966,4,55.3,391,2,62.2,284,1,74.1,690,4,52,10.0,3.7,25,20,5873,404
10,60.2,3687,21,13,1040,9,3.9,2,50.6,748,3,58.3,702,3,69.6,484,2,50.0,318,5,24,4.4,3.9,55,33,4578,268
9,67.5,4042,26,5,1327,8,4.9,1,71.4,1183,7,67.7,554,3,53.8,212,0,68.0,1038,8,35,6.5,4.9,31,26,5842,339
6,62.7,3496,22,13,891,7,4.3,1,50.0,680,7,57.4,618,8,66.2,455,1,62.8,688,2,20,3.7,4.3,31,14,5601,373
9,62.6,4515,28,10,1105,8,3.9,1,64.2,1393,6,62.3,728,4,54.8,567,4,72.6,579,4,18,3.0,3.9,43,27,5254,272
11,62.1,3804,28,7,1305,13,4.7,5,66.0,869,5,65.9,781,5,55.7,593,8,55.6,295,1,25,5.0,4.7,48,28,5432,329
6,62.0,2666,19,14,644,3,4.8,2,69.6,987,9,55.2,847,6,59.4,670,1,66.1,388,3,20,4.5,4.8,30,15,5371,393
11,67.6,3547,22,7,842,8,3.9,1,64.1,1276,4,67.4,849,8,57.1,200,0,70.4,532,8,22,4.4,3.9,37,19,4415,252
13,66.3,4577,32,8,896,6,5.0,0,57.0,1082,7,70.9,659,2,57.6,439,5,65.7,1084,8,35,5.7,5.0,42,18,5856,296
11,72.0,4334,23,8,1124,12,4.9,3,69.8,1245,5,75.7,787,4,62.2,364,3,73.3,295,2,20,3.6,4.9,42,25,5384,326
3,61.6,3468,19,13,751,5,4.4,1,70.2,731,2,50.0,416,2,61.0,302,3,55.7,722,6,31,5.1,4.4,27,19,5971,388
5,67.3,2926,18,9,772,5,4.3,1,55.3,941,7,63.7,810,5,81.5,217,1,67.6,357,3,39,8.9,4.3,28,20,5636,382
11,60.2,3296,33,7,766,2,4.4,1,47.5,789,9,65.3,768,8,53.7,430,2,67.3,824,8,28,6.0,4.4,38,31,4904,295
12,64.2,4251,28,14,1291,9,4.0,3,62.0,1533,9,73.4,917,7,59.5,603,3,68.3,372,3,21,3.6,4.0,56,22,4910,308
5,67.4,1560,7,5,938,8,3.9,2,53.3,962,2,59.7,500,0,71.7,430,2,68.3,515,2,8,4.3,3.9,30,20,5625,383
9,61.3,3983,34,11,586,3,6.2,14,64.7,991,8,55.0,703,6,63.4,555,2,59.4,520,10,43,7.2,6.2,39,25,5171,332
3,63.8,3504,19,11,423,3,3.9,2,52.2,1001,5,55.6,668,3,73.5,631,1,62.3,591,6,33,6.9,3.9,22,26,6049,382
9,62.0,3232,13,15,744,5,4.2,1,60.9,795,4,65.1,563,1,52.3,375,0,66.7,807,3,27,5.6,4.2,43,21,5248,356
7,64.3,4093,27,13,603,1,3.4,2,64.1,789,3,69.2,573,4,44.9,502,6,62.3,648,3,41,7.1,3.4,42,23,5566,388
3,55.2,2278,11,14,940,7,3.6,3,61.6,734,6,63.2,590,3,67.9,210,1,49.3,343,1,45,10.3,3.6,49,425,5.4,8.6
7,69.4,4924,35,7,800,4,4.8,2,66.5,1677,8,70.2,838,4,69.6,821,10,80.7,660,4,42,6.5,4.8,37,423,6.0,10.5
4,61.2,2465,12,6,718,2,5.2,0,43.3,715,5,65.3,651,1,54.0,607,3,68.0,552,3,16,4.1,5.2,43,287,4.8,9.5
5,52.8,2074,10,12,631,8,7.1,8,54.9,652,7,61.4,541,3,83.3,36,0,62.9,259,1,28,8.0,7.1,36,374,4.9,14.3
6,67.9,3395,24,13,1098,7,5.0,4,67.1,788,2,55.7,549,4,60.0,494,5,73.5,333,2,29,5.8,5.0,35,382,6.0,12.9
11,66.6,3223,24,12,935,9,3.7,2,58.5,754,4,72.0,688,2,61.1,423,7,71.1,569,6,24,5.2,3.7,50,283,4.8,19.5
5,61.9,2566,21,11,1168,8,4.9,0,70.4,1028,7,59.7,694,6,36.2,210,7,67.2,439,3,21,5.4,4.9,34,455,6.1,10.2
6,63.8,3725,27,14,996,8,5.2,0,54.4,976,4,54.4,586,5,73.6,572,4,63.6,639,4,25,4.9,5.2,37,392,5.6,15.4
10,67.7,3885,22,8,1434,6,4.7,6,74.7,672,3,48.5,507,2,57.1,295,2,75.0,307,3,56,9.6,4.7,39,324,5.4,12.0
6,62.3,3890,18,15,1037,9,5.4,0,72.4,868,4,50.0,704,4,56.1,315,1,64.6,281,2,34,5.5,5.4,44,349,5.7,14.1
6,66.1,3777,21,11,641,3,5.4,1,58.8,1063,5,56.5,508,5,73.1,190,2,87.5,263,1,40,6.7,5.4,43,360,5.7,7.0
6,62.3,4442,25,2,728,8,5.5,1,65.7,1386,13,52.1,581,2,62.3,383,2,61.8,636,2,49,7.6,5.5,44,400,5.6,8.2
11,68.3,4165,26,9,973,5,4.6,1,70.6,1572,11,71.1,503,4,68.3,287,1,55.8,305,0,62,10.9,4.6,43,316,5.4,13.9
10,67.3,4593,39,15,908,9,4.7,2,63.3,1270,6,73.6,485,2,67.3,334,1,60.0,750,13,18,2.7,4.7,38,344,5.5,14.5
3,60.3,2718,13,11,439,5,3.3,0,65.3,717,5,53.9,668,3,54.3,491,1,63.2,214,0,31,7.1,3.3,37,316,5.1,8.3
12,66.0,5097,50,12,824,7,4.6,0,63.5,1479,12,72.7,519,3,61.5,334,5,68.7,1336,10,26,4.3,4.6,52,421,5.9,14.9
4,68.9,4049,19,10,723,4,4.2,3,71.6,739,3,70.3,494,2,70.4,266,0,67.3,896,6,51,8.4,4.2,13,467,6.3,9.8
12,68.3,4308,32,12,885,10,5.1,1,71.3,1196,6,65.2,664,10,63.1,653,5,62.2,333,2,32,5.9,5.1,38,329,5.4,11.8
13,64.9,4688,32,12,1251,17,4.9,1,66.2,1219,6,68.4,1204,5,72.7,566,6,66.0,320,3,33,5.6,4.9,41,384,6.0,16.9
5,64.2,1979,17,9,722,0,4.6,1,74.7,575,1,57.8,553,6,74.3,391,4,68.8,202,0,35,11.3,4.6,31,433,6.1,14.2
8,70.1,4298,30,10,615,2,4.6,2,73.9,1373,9,68.5,1021,9,66.0,302,1,78.0,634,4,40,6.2,4.6,50,341,5.0,10.5
11,65.8,4355,29,11,931,6,4.5,1,68.5,850,6,63.6,532,3,76.2,290,3,65.3,682,3,21,3.6,4.5,30,325,5.7,15.0
13,74.4,3992,32,5,883,14,4.6,1,85.0,1405,9,63.6,427,5,56.7,209,2,76.1,400,2,17,3.4,4.6,49,353,5.7,14.6
5,66.0,4299,21,11,1307,11,5.0,0,62.1,1052,6,61.7,872,4,59.3,199,1,70.3,577,3,47,7.5,5.0,30,412,5.7,11.6
4,57.7,2865,17,15,685,6,4.8,0,53.2,752,6,55.9,449,1,48.7,371,1,69.6,502,4,30,6.8,4.8,39,441,5.7,9.9
5,69.6,3074,21,7,511,3,4.3,1,70.7,843,6,66.0,736,4,71.4,300,2,74.4,1163,8,31,7.2,4.3,44,348,5.8,9.1
9,67.0,5129,34,16,973,12,4.5,4,66.9,1426,7,61.9,1297,15,81.8,253,1,69.4,610,4,24,3.4,4.5,52,360,5.3,8.2
3,64.2,2277,13,10,814,3,5.3,1,63.6,487,4,60.0,467,5,53.5,395,4,64.7,1377,5,17,5.8,5.3,37,435,5.4,3.9
10,65.6,3448,35,7,1151,9,4.7,3,81.4,965,10,68.5,618,5,49.1,445,5,67.4,269,3,51,10.7,4.7,43,347,5.9,14.2
3,64.6,2992,19,14,871,5,3.7,1,62.3,1524,8,62.1,842,7,72.4,816,5,70.8,565,5,27,6.7,3.7,38,464,6.1,8.2
7,68.9,2528,11,8,1059,12,4.9,1,58.0,891,4,66.1,466,1,55.3,316,2,66.7,258,3,42,11.3,4.9,39,303,5.3,9.9
6,62.5,2180,10,5,1042,7,4.2,3,56.4,532,2,59.2,388,2,59.6,304,0,64.3,558,2,22,6.3,4.2,46,359,5.7,14.6
5,64.4,3722,20,12,544,4,5.8,5,68.8,804,4,63.0,709,3,69.6,359,1,75.0,237,1,48,8.1,5.8,40,442,6.0,9.3
7,66.2,4466,26,14,656,2,3.6,3,63.1,1394,6,67.7,866,7,66.2,446,1,77.3,787,6,48,7.2,3.6,28,399,5.8,9.0
13,66.1,3127,36,6,1206,7,6.9,9,64.8,584,7,67.4,339,5,60.0,271,2,65.3,852,10,23,5.4,6.9,37,282,5.2,14.5
10,58.8,3089,20,9,775,2,5.1,4,62.6,1060,6,63.2,778,6,69.2,254,1,56.0,388,2,38,7.6,5.1,44,259,4.8,12.1
5,62.0,3322,17,16,1387,15,4.8,1,64.4,1175,4,51.4,627,6,48.3,296,0,63.4,597,2,46,8.6,4.8,53,470,5.8,10.2
8,63.2,3138,17,10,889,6,3.7,2,63.6,1147,7,61.2,656,2,60.4,353,4,58.3,84,0,38,6.9,3.7,32,298,5.1,10.5
2,59.5,3494,16,14,1137,5,4.1,0,60.8,1046,5,50.0,575,1,55.1,529,0,68.3,436,3,37,6.5,4.1,31,420,6.1,8.7
6,59.4,3827,22,21,1494,8,5.0,3,60.1,1174,6,55.6,1035,4,63.6,229,4,55.6,149,3,40,7.0,5.0,38,393,5.7,11.0
8,65.1,4902,30,11,1357,12,4.5,3,66.4,1189,8,58.4,1107,6,66.3,828,3,75.9,529,4,23,3.7,4.5,39,321,5.2,9.8
2,65.3,1822,6,5,1011,7,4.5,0,58.1,1112,6,53.8,297,1,51.6,218,0,60.6,562,3,26,9.0,4.5,40,316,5.4,8.8
3,64.3,2499,19,5,403,3,3.6,1,56.0,1190,11,68.1,779,9,63.9,678,1,54.2,367,2,18,5.8,3.6,28,423,5.9,8.8
13,62.0,4002,26,4,1084,16,4.6,3,65.4,997,5,67.3,477,3,46.4,452,2,63.3,447,3,36,6.0,4.6,41,313,5.7,14.0
10,67.3,3852,26,12,1070,6,4.4,4,69.3,1165,7,69.0,670,3,72.7,561,4,65.5,418,2,44,8.2,4.4,31,385,6.1,12.9
7,60.9,2942,18,6,1091,8,4.4,0,56.9,607,5,66.2,501,5,51.5,277,2,59.7,448,4,27,5.7,4.4,41,373,5.6,12.9
6,60.6,3271,21,6,1152,3,4.3,1,61.9,1008,8,52.2,775,5,65.3,660,3,70.0,153,2,33,6.6,4.3,47,397,6.0,9.4
11,65.9,4031,26,5,498,5,4.5,1,65.2,860,7,57.8,673,3,63.4,538,6,71.3,1229,5,17,3.4,4.5,45,308,5.4,13.4
7,70.4,4054,21,8,1150,7,4.8,1,65.6,651,6,69.0,605,4,78.6,133,0,76.9,1145,3,29,5.4,4.8,32,419,5.9,8.4
5,66.0,4615,23,20,612,8,3.8,4,69.8,1199,6,54.4,1001,2,35.3,56,0,72.4,652,5,34,5.4,3.8,30,345,5.4,8.7
9,62.9,4638,22,16,857,12,3.8,3,70.1,1161,10,64.7,1134,2,58.3,583,2,77.5,734,3,22,3.4,3.8,50,364,5.1,12.4
5,62.0,3529,20,13,243,4,4.5,9,56.3,1202,9,53.3,428,3,68.1,416,2,57.3,570,5,40,7.4,4.5,23,494,6.0,8.6
10,69.1,3603,26,6,1135,13,4.5,4,67.0,1130,6,62.5,418,6,68.9,294,3,81.3,367,6,28,5.9,4.5,48,303,5.2,17.3
12,60.8,4057,24,8,912,7,3.7,2,65.4,1117,6,53.7,397,5,63.4,359,0,70.8,173,0,27,4.2,3.7,47,225,4.7,17.0
8,74.3,2979,27,4,797,5,4.7,4,80.5,1725,9,53.6,421,2,86.4,234,6,66.2,705,9,12,3.1,4.7,51,341,5.3,12.6
3,61.9,3027,24,12,1003,6,4.6,1,57.1,740,8,57.6,676,6,68.7,576,3,64.7,467,3,38,7.6,4.6,36,451,5.7,8.6
7,61.9,3024,19,13,789,3,3.2,1,63.9,833,6,54.2,779,5,62.1,433,1,82.9,320,5,33,7.0,3.2,35,359,5.0,9.8
9,63.9,4039,27,7,818,3,4.6,2,58.9,490,4,56.5,363,3,70.0,254,1,65.2,916,6,37,5.7,4.6,43,354,5.5,10.1
5,62.2,1765,13,9,464,4,4.0,1,55.0,735,3,64.1,680,5,60.0,552,3,69.1,273,3,15,5.0,4.0,54,303,4.7,19.8
13,69.1,3978,27,13,772,8,5.6,2,70.4,802,3,68.2,358,5,57.1,186,1,79.4,1053,5,36,7.0,5.6,48,310,4.7,14.1
11,66.1,4110,31,5,1230,7,4.4,7,74.5,1057,8,58.0,900,7,50.0,301,2,69.5,349,3,48,8.5,4.4,28,398,6.0,16.2
7,60.7,5109,33,30,724,6,4.2,3,71.1,1333,9,56.8,1157,8,52.2,645,6,64.2,459,1,47,7.0,4.2,47,449,5.1,13.6
7,70.3,2742,22,6,1540,16,5.1,5,61.9,1051,8,78.7,374,2,71.4,329,4,62.3,601,2,31,9.8,5.1,43,331,5.4,11.6
1,64.8,1707,11,5,898,5,4.3,3,62.4,919,7,68.2,365,0,60.7,310,4,65.0,241,1,15,5.7,4.3,46,435,5.7,11.9
9,69.2,3787,24,10,752,15,3.7,2,74.8,982,5,58.7,848,3,65.6,572,8,94.1,193,1,31,6.1,3.7,41,366,5.4,15.3
7,67.0,3968,20,12,618,6,4.0,2,70.2,770,4,58.5,406,3,59.6,281,2,61.8,1026,1,40,6.7,4.0,18,459,5.6,11.2
7,64.4,2882,16,13,767,2,5.8,6,62.3,1008,6,67.6,515,1,55.1,394,1,69.9,1361,9,38,9.0,5.8,34,392,6.0,7.9
11,63.3,4407,36,15,870,7,4.6,5,62.8,1225,10,73.2,693,1,58.3,626,4,69.0,587,9,26,3.9,4.6,42,289,4.6,14.5
4,59.9,2527,9,13,612,5,3.6,1,57.1,1157,4,48.2,519,5,72.0,250,1,60.0,188,0,35,7.9,3.6,39,404,5.1,8.1
2,58.9,1870,7,10,849,7,3.8,1,57.9,1055,4,57.6,410,1,68.4,329,1,64.5,612,0,36,11.8,3.8,49,407,5.3,8.4
10,70.4,4611,34,14,1205,13,4.1,2,63.3,1455,13,67.3,1091,6,71.3,828,5,77.8,493,5,51,8.9,4.1,42,376,5.5,11.1
6,60.5,3010,17,13,1259,8,5.5,2,58.6,597,3,59.8,570,2,51.1,275,1,67.9,475,4,43,9.3,5.5,43,371,5.0,9.9
11,68.8,4449,37,10,1002,10,4.2,1,65.8,1102,6,65.4,865,8,73.8,602,6,75.0,808,8,30,4.8,4.2,41,358,5.5,16.7
7,66.9,3052,18,7,918,8,4.5,3,59.2,776,2,62.4,734,5,67.9,467,0,75.6,670,4,31,6.8,4.5,36,322,5.3,10.7
3,67.2,3245,19,8,617,5,4.1,2,75.6,912,5,67.6,576,4,68.2,204,2,72.6,583,4,35,6.6,4.1,30,467,5.9,10.6
13,68.9,4115,37,4,803,5,4.3,2,72.8,1553,11,66.7,513,8,47.3,430,3,75.8,245,2,30,5.3,4.3,39,371,5.4,14.0
2,66.8,2664,16,10,427,3,3.5,1,67.2,1037,6,55.0,446,1,59.5,323,2,72.7,214,0,31,7.3,3.5,32,452,5.9,12.2
9,62.4,3563,27,7,1811,18,5.5,4,68.2,1082,6,55.1,384,3,62.2,331,3,53.3,316,4,32,5.8,5.5,33,365,5.6,17.1
3,59.6,3641,12,17,767,8,4.7,4,60.8,832,4,63.0,619,0,64.7,434,1,70.6,244,0,32,5.0,4.7,32,457,5.6,5.2
12,66.3,4839,37,13,558,6,3.9,0,69.8,1239,9,71.1,693,2,70.0,568,5,68.7,1125,9,28,4.1,3.9,31,364,5.9,16.0
10,68.4,4804,23,14,872,9,4.0,2,80.5,1038,9,57.6,571,3,67.1,546,1,59.1,665,2,40,6.0,4.0,35,439,5.2,7.3
9,65.9,5014,38,15,911,12,4.4,4,58.9,1146,9,67.5,1138,6,64.6,448,3,57.8,564,4,31,4.4,4.4,35,459,5.6,11.2
12,67.2,4886,41,17,845,4,4.1,1,75.9,1947,16,56.2,802,6,65.2,556,4,71.8,560,5,30,4.8,4.1,50,372,5.2,13.3
7,67.8,2653,16,10,612,3,3.5,2,74.3,1015,6,54.8,515,2,50.0,223,4,65.2,780,2,20,4.9,3.5,48,373,5.3,13.0
8,66.3,4221,33,7,1159,6,4.7,3,64.7,1616,10,70.5,726,10,61.0,655,7,70.1,593,3,28,4.8,4.7,51,426,5.7,11.9
10,67.6,3801,22,13,929,15,4.6,2,65.9,866,2,78.6,800,5,57.8,473,3,66.7,603,9,28,5.1,4.6,36,303,5.1,16.9
5,59.0,1170,14,3,898,4,3.7,0,54.8,698,6,61.0,570,3,64.0,377,3,62.8,263,2,11,6.4,3.7,46,335,5.1,12.8
4,64.3,2428,10,7,593,2,3.7,2,48.7,521,0,68.4,420,0,67.9,366,1,63.0,408,3,22,5.7,3.7,34,416,5.3,12.0
3,55.6,2334,9,11,639,4,4.3,1,55.8,538,5,57.6,492,4,54.9,449,1,64.3,261,2,44,10.3,4.3,33,504,5.9,7.4
8,61.3,3144,16,9,784,10,5.6,9,61.5,916,5,69.4,647,1,57.9,299,2,73.7,830,4,26,5.7,5.6,29,385,5.2,8.9
9,64.5,3740,22,10,1200,7,3.9,0,63.3,1161,8,56.2,860,2,54.5,285,2,75.9,497,7,38,5.9,3.9,55,398,5.5,10.8
9,68.3,3810,20,12,963,5,4.7,0,63.6,1405,6,66.7,826,5,63.2,282,5,75.5,910,6,29,6.2,4.7,48,365,5.1,9.3
6,64.8,3113,25,6,749,6,6.3,0,68.2,1175,8,58.1,967,12,62.5,343,4,76.2,478,4,33,7.6,6.3,34,366,5.4,8.5
13,67.5,5316,43,12,812,8,4.5,1,77.2,1103,5,64.9,1035,14,67.7,545,4,61.8,802,6,22,3.0,4.5,47,353,5.2,14.7
12,67.2,3734,21,14,937,10,4.3,1,60.0,869,5,66.7,476,4,64.6,434,1,77.5,210,3,47,8.1,4.3,43,354,5.4,10.8
7,65.0,3419,20,15,1037,7,4.0,6,59.2,1053,5,81.1,397,2,66.1,383,0,61.2,271,2,38,7.1,4.0,38,434,5.7,10.7
9,69.2,3787,24,10,752,15,3.7,2,74.8,982,5,58.7,848,3,65.6,572,8,94.1,193,1,31,6.1,3.7,41,366,5.4,15.3
7,67.0,3968,20,12,618,6,4.0,2,70.2,770,4,58.5,406,3,59.6,281,2,61.8,1026,1,40,6.7,4.0,18,459,5.6,11.2
7,64.4,2882,16,13,767,2,5.8,6,62.3,1008,6,67.6,515,1,55.1,394,1,69.9,1361,9,38,9.0,5.8,34,392,6.0,7.9
11,63.3,4407,36,15,870,7,4.6,5,62.8,1225,10,73.2,693,1,58.3,626,4,69.0,587,9,26,3.9,4.6,42,289,4.6,14.5
4,59.9,2527,9,13,612,5,3.6,1,57.1,1157,4,48.2,519,5,72.0,250,1,60.0,188,0,35,7.9,3.6,39,404,5.1,8.1
2,58.9,1870,7,10,849,7,3.8,1,57.9,1055,4,57.6,410,1,68.4,329,1,64.5,612,0,36,11.8,3.8,49,407,5.3,8.4
10,70.4,4611,34,14,1205,13,4.1,2,63.3,1455,13,67.3,1091,6,71.3,828,5,77.8,493,5,51,8.9,4.1,42,376,5.5,11.1
6,60.5,3010,17,13,1259,8,5.5,2,58.6,597,3,59.8,570,2,51.1,275,1,67.9,475,4,43,9.3,5.5,43,371,5.0,9.9
11,68.8,4449,37,10,1002,10,4.2,1,65.8,1102,6,65.4,865,8,73.8,602,6,75.0,808,8,30,4.8,4.2,41,358,5.5,16.7
7,66.9,3052,18,7,918,8,4.5,3,59.2,776,2,62.4,734,5,67.9,467,0,75.6,670,4,31,6.8,4.5,36,322,5.3,10.7
3,67.2,3245,19,8,617,5,4.1,2,75.6,912,5,67.6,576,4,68.2,204,2,72.6,583,4,35,6.6,4.1,30,467,5.9,10.6
13,68.9,4115,37,4,803,5,4.3,2,72.8,1553,11,66.7,513,8,47.3,430,3,75.8,245,2,30,5.3,4.3,39,371,5.4,14.0
2,66.8,2664,16,10,427,3,3.5,1,67.2,1037,6,55.0,446,1,59.5,323,2,72.7,214,0,31,7.3,3.5,32,452,5.9,12.2
9,62.4,3563,27,7,1811,18,5.5,4,68.2,1082,6,55.1,384,3,62.2,331,3,53.3,316,4,32,5.8,5.5,33,365,5.6,17.1
3,59.6,3641,12,17,767,8,4.7,4,60.8,832,4,63.0,619,0,64.7,434,1,70.6,244,0,32,5.0,4.7,32,457,5.6,5.2
12,66.3,4839,37,13,558,6,3.9,0,69.8,1239,9,71.1,693,2,70.0,568,5,68.7,1125,9,28,4.1,3.9,31,364,5.9,16.0
10,68.4,4804,23,14,872,9,4.0,2,80.5,1038,9,57.6,571,3,67.1,546,1,59.1,665,2,40,6.0,4.0,35,439,5.2,7.3
9,65.9,5014,38,15,911,12,4.4,4,58.9,1146,9,67.5,1138,6,64.6,448,3,57.8,564,4,31,4.4,4.4,35,459,5.6,11.2
12,67.2,4886,41,17,845,4,4.1,1,75.9,1947,16,56.2,802,6,65.2,556,4,71.8,560,5,30,4.8,4.1,50,372,5.2,13.3
7,67.8,2653,16,10,612,3,3.5,2,74.3,1015,6,54.8,515,2,50.0,223,4,65.2,780,2,20,4.9,3.5,48,373,5.3,13.0
8,66.3,4221,33,7,1159,6,4.7,3,64.7,1616,10,70.5,726,10,61.0,655,7,70.1,593,3,28,4.8,4.7,51,426,5.7,11.9
10,67.6,3801,22,13,929,15,4.6,2,65.9,866,2,78.6,800,5,57.8,473,3,66.7,603,9,28,5.1,4.6,36,303,5.1,16.9
5,59.0,1170,14,3,898,4,3.7,0,54.8,698,6,61.0,570,3,64.0,377,3,62.8,263,2,11,6.4,3.7,46,335,5.1,12.8
4,64.3,2428,10,7,593,2,3.7,2,48.7,521,0,68.4,420,0,67.9,366,1,63.0,408,3,22,5.7,3.7,34,416,5.3,12.0
3,55.6,2334,9,11,639,4,4.3,1,55.8,538,5,57.6,492,4,54.9,449,1,64.3,261,2,44,10.3,4.3,33,504,5.9,7.4
8,61.3,3144,16,9,784,10,5.6,9,61.5,916,5,69.4,647,1,57.9,299,2,73.7,830,4,26,5.7,5.6,29,385,5.2,8.9
9,64.5,3740,22,10,1200,7,3.9,0,63.3,1161,8,56.2,860,2,54.5,285,2,75.9,497,7,38,5.9,3.9,55,398,5.5,10.8
9,68.3,3810,20,12,963,5,4.7,0,63.6,1405,6,66.7,826,5,63.2,282,5,75.5,910,6,29,6.2,4.7,48,365,5.1,9.3
6,64.8,3113,25,6,749,6,6.3,0,68.2,1175,8,58.1,967,12,62.5,343,4,76.2,478,4,33,7.6,6.3,34,366,5.4,8.5
13,67.5,5316,43,12,812,8,4.5,1,77.2,1103,5,64.9,1035,14,67.7,545,4,61.8,802,6,22,3.0,4.5,47,353,5.2,14.7
12,67.2,3734,21,14,937,10,4.3,1,60.0,869,5,66.7,476,4,64.6,434,1,77.5,210,3,47,8.1,4.3,43,354,5.4,10.8
7,65.0,3419,20,15,1037,7,4.0,6,59.2,1053,5,81.1,397,2,66.1,383,0,61.2,271,2,38,7.1,4.0,38,434,5.7,10.7